{
  "gpstracker:tracker:LF": {
    "class": "org.eclipse.smarthome.config.discovery.internal.DiscoveryResultImpl",
    "value": {
      "thingUID": {
        "segments": [
          "gpstracker",
          "tracker",
          "LF"
        ]
      },
      "thingTypeUID": {
        "segments": [
          "gpstracker",
          "tracker"
        ]
      },
      "properties": {
        "trackerId": "LF"
      },
      "flag": "NEW",
      "label": "GPS Tracker LF",
      "timestamp": 1601723304133,
      "timeToLive": -1
    }
  },
  "miio:unsupported:07EDE210": {
    "class": "org.eclipse.smarthome.config.discovery.internal.DiscoveryResultImpl",
    "value": {
      "thingUID": {
        "segments": [
          "miio",
          "unsupported",
          "07EDE210"
        ]
      },
      "thingTypeUID": {
        "segments": [
          "miio",
          "unsupported"
        ]
      },
      "properties": {
        "host": "192.168.0.66",
        "deviceId": "07EDE210"
      },
      "representationProperty": "07EDE210",
      "flag": "NEW",
      "label": "Xiaomi Mi Device 07EDE210 (133030416) lumi-gateway-v3_miio133030416",
      "timestamp": 1600165999738,
      "timeToLive": -1
    }
  }
}