{
  "autoupdate:PowerSocket_RPI4": {
    "class": "org.eclipse.smarthome.core.items.Metadata",
    "value": {
      "key": {
        "segments": [
          "autoupdate",
          "PowerSocket_RPI4"
        ]
      },
      "value": "true",
      "configuration": {}
    }
  },
  "autoupdate:HTP_LowBattery": {
    "class": "org.eclipse.smarthome.core.items.Metadata",
    "value": {
      "key": {
        "segments": [
          "autoupdate",
          "HTP_LowBattery"
        ]
      },
      "value": "true",
      "configuration": {}
    }
  },
  "autoupdate:SS_1": {
    "class": "org.eclipse.smarthome.core.items.Metadata",
    "value": {
      "key": {
        "segments": [
          "autoupdate",
          "SS_1"
        ]
      },
      "value": "true",
      "configuration": {}
    }
  },
  "autoupdate:Lina_RegionTrigger": {
    "class": "org.eclipse.smarthome.core.items.Metadata",
    "value": {
      "key": {
        "segments": [
          "autoupdate",
          "Lina_RegionTrigger"
        ]
      },
      "value": "true",
      "configuration": {}
    }
  },
  "autoupdate:Light_Kids": {
    "class": "org.eclipse.smarthome.core.items.Metadata",
    "value": {
      "key": {
        "segments": [
          "autoupdate",
          "Light_Kids"
        ]
      },
      "value": "true",
      "configuration": {}
    }
  },
  "autoupdate:Bedroom_Light_Main": {
    "class": "org.eclipse.smarthome.core.items.Metadata",
    "value": {
      "key": {
        "segments": [
          "autoupdate",
          "Bedroom_Light_Main"
        ]
      },
      "value": "true",
      "configuration": {}
    }
  },
  "autoupdate:TH_Sensor5_Humidity": {
    "class": "org.eclipse.smarthome.core.items.Metadata",
    "value": {
      "key": {
        "segments": [
          "autoupdate",
          "TH_Sensor5_Humidity"
        ]
      },
      "value": "true",
      "configuration": {}
    }
  },
  "autoupdate:XIAOMI_TEMPERATURE_SENSOR_TEMPERATURE": {
    "class": "org.eclipse.smarthome.core.items.Metadata",
    "value": {
      "key": {
        "segments": [
          "autoupdate",
          "XIAOMI_TEMPERATURE_SENSOR_TEMPERATURE"
        ]
      },
      "value": "true",
      "configuration": {}
    }
  },
  "autoupdate:3DPrinterPower_office": {
    "class": "org.eclipse.smarthome.core.items.Metadata",
    "value": {
      "key": {
        "segments": [
          "autoupdate",
          "3DPrinterPower_office"
        ]
      },
      "value": "true",
      "configuration": {}
    }
  },
  "autoupdate:Felix_RegionTrigger": {
    "class": "org.eclipse.smarthome.core.items.Metadata",
    "value": {
      "key": {
        "segments": [
          "autoupdate",
          "Felix_RegionTrigger"
        ]
      },
      "value": "true",
      "configuration": {}
    }
  },
  "autoupdate:Lina_HomeDistance": {
    "class": "org.eclipse.smarthome.core.items.Metadata",
    "value": {
      "key": {
        "segments": [
          "autoupdate",
          "Lina_HomeDistance"
        ]
      },
      "value": "true",
      "configuration": {}
    }
  },
  "autoupdate:Lina_BatteryLevel": {
    "class": "org.eclipse.smarthome.core.items.Metadata",
    "value": {
      "key": {
        "segments": [
          "autoupdate",
          "Lina_BatteryLevel"
        ]
      },
      "value": "true",
      "configuration": {}
    }
  },
  "autoupdate:TH_Sensor5_BatteryLevel": {
    "class": "org.eclipse.smarthome.core.items.Metadata",
    "value": {
      "key": {
        "segments": [
          "autoupdate",
          "TH_Sensor5_BatteryLevel"
        ]
      },
      "value": "true",
      "configuration": {}
    }
  },
  "autoupdate:TH_Sensor6_BatteryLevel": {
    "class": "org.eclipse.smarthome.core.items.Metadata",
    "value": {
      "key": {
        "segments": [
          "autoupdate",
          "TH_Sensor6_BatteryLevel"
        ]
      },
      "value": "true",
      "configuration": {}
    }
  },
  "autoupdate:TH_Sensor4_BatteryLevel": {
    "class": "org.eclipse.smarthome.core.items.Metadata",
    "value": {
      "key": {
        "segments": [
          "autoupdate",
          "TH_Sensor4_BatteryLevel"
        ]
      },
      "value": "true",
      "configuration": {}
    }
  },
  "autoupdate:TH_Sensor6_Humidity": {
    "class": "org.eclipse.smarthome.core.items.Metadata",
    "value": {
      "key": {
        "segments": [
          "autoupdate",
          "TH_Sensor6_Humidity"
        ]
      },
      "value": "true",
      "configuration": {}
    }
  },
  "autoupdate:TH_Sensor3_BatteryLevel": {
    "class": "org.eclipse.smarthome.core.items.Metadata",
    "value": {
      "key": {
        "segments": [
          "autoupdate",
          "TH_Sensor3_BatteryLevel"
        ]
      },
      "value": "true",
      "configuration": {}
    }
  },
  "autoupdate:HTP_Humidity": {
    "class": "org.eclipse.smarthome.core.items.Metadata",
    "value": {
      "key": {
        "segments": [
          "autoupdate",
          "HTP_Humidity"
        ]
      },
      "value": "true",
      "configuration": {}
    }
  },
  "autoupdate:LinaPingableNetworkDevice_Online": {
    "class": "org.eclipse.smarthome.core.items.Metadata",
    "value": {
      "key": {
        "segments": [
          "autoupdate",
          "LinaPingableNetworkDevice_Online"
        ]
      },
      "value": "true",
      "configuration": {}
    }
  },
  "autoupdate:TH_Sensor6_Temperature": {
    "class": "org.eclipse.smarthome.core.items.Metadata",
    "value": {
      "key": {
        "segments": [
          "autoupdate",
          "TH_Sensor6_Temperature"
        ]
      },
      "value": "true",
      "configuration": {}
    }
  },
  "autoupdate:MiSmartHomeGatewayV3_Actions_PowerOnOff": {
    "class": "org.eclipse.smarthome.core.items.Metadata",
    "value": {
      "key": {
        "segments": [
          "autoupdate",
          "MiSmartHomeGatewayV3_Actions_PowerOnOff"
        ]
      },
      "value": "true",
      "configuration": {}
    }
  },
  "autoupdate:HTP_BatteryLevel": {
    "class": "org.eclipse.smarthome.core.items.Metadata",
    "value": {
      "key": {
        "segments": [
          "autoupdate",
          "HTP_BatteryLevel"
        ]
      },
      "value": "true",
      "configuration": {}
    }
  },
  "autoupdate:OW_Current_OutdoorTemperature": {
    "class": "org.eclipse.smarthome.core.items.Metadata",
    "value": {
      "key": {
        "segments": [
          "autoupdate",
          "OW_Current_OutdoorTemperature"
        ]
      },
      "value": "true",
      "configuration": {}
    }
  },
  "autoupdate:TH_Sensor3_Humidity": {
    "class": "org.eclipse.smarthome.core.items.Metadata",
    "value": {
      "key": {
        "segments": [
          "autoupdate",
          "TH_Sensor3_Humidity"
        ]
      },
      "value": "true",
      "configuration": {}
    }
  },
  "autoupdate:Lina_LastSeen": {
    "class": "org.eclipse.smarthome.core.items.Metadata",
    "value": {
      "key": {
        "segments": [
          "autoupdate",
          "Lina_LastSeen"
        ]
      },
      "value": "true",
      "configuration": {}
    }
  },
  "autoupdate:Air_Conditioner_PowerMaster_BedRoom": {
    "class": "org.eclipse.smarthome.core.items.Metadata",
    "value": {
      "key": {
        "segments": [
          "autoupdate",
          "Air_Conditioner_PowerMaster_BedRoom"
        ]
      },
      "value": "true",
      "configuration": {}
    }
  },
  "autoupdate:Felix_BatteryLevel": {
    "class": "org.eclipse.smarthome.core.items.Metadata",
    "value": {
      "key": {
        "segments": [
          "autoupdate",
          "Felix_BatteryLevel"
        ]
      },
      "value": "true",
      "configuration": {}
    }
  },
  "autoupdate:TH_Sensor3": {
    "class": "org.eclipse.smarthome.core.items.Metadata",
    "value": {
      "key": {
        "segments": [
          "autoupdate",
          "TH_Sensor3"
        ]
      },
      "value": "true",
      "configuration": {}
    }
  },
  "autoupdate:TH_Sensor4": {
    "class": "org.eclipse.smarthome.core.items.Metadata",
    "value": {
      "key": {
        "segments": [
          "autoupdate",
          "TH_Sensor4"
        ]
      },
      "value": "true",
      "configuration": {}
    }
  },
  "autoupdate:Felix_LastSeen": {
    "class": "org.eclipse.smarthome.core.items.Metadata",
    "value": {
      "key": {
        "segments": [
          "autoupdate",
          "Felix_LastSeen"
        ]
      },
      "value": "true",
      "configuration": {}
    }
  },
  "autoupdate:TH_Sensor5": {
    "class": "org.eclipse.smarthome.core.items.Metadata",
    "value": {
      "key": {
        "segments": [
          "autoupdate",
          "TH_Sensor5"
        ]
      },
      "value": "true",
      "configuration": {}
    }
  },
  "autoupdate:FelixNote9PingableNetworkDevice_Online": {
    "class": "org.eclipse.smarthome.core.items.Metadata",
    "value": {
      "key": {
        "segments": [
          "autoupdate",
          "FelixNote9PingableNetworkDevice_Online"
        ]
      },
      "value": "true",
      "configuration": {}
    }
  },
  "autoupdate:Lina_Accuracy": {
    "class": "org.eclipse.smarthome.core.items.Metadata",
    "value": {
      "key": {
        "segments": [
          "autoupdate",
          "Lina_Accuracy"
        ]
      },
      "value": "true",
      "configuration": {}
    }
  },
  "autoupdate:Note9_LastSeen": {
    "class": "org.eclipse.smarthome.core.items.Metadata",
    "value": {
      "key": {
        "segments": [
          "autoupdate",
          "Note9_LastSeen"
        ]
      },
      "value": "true",
      "configuration": {}
    }
  },
  "autoupdate:Felix_Accuracy": {
    "class": "org.eclipse.smarthome.core.items.Metadata",
    "value": {
      "key": {
        "segments": [
          "autoupdate",
          "Felix_Accuracy"
        ]
      },
      "value": "true",
      "configuration": {}
    }
  },
  "autoupdate:TP_Sensor2": {
    "class": "org.eclipse.smarthome.core.items.Metadata",
    "value": {
      "key": {
        "segments": [
          "autoupdate",
          "TP_Sensor2"
        ]
      },
      "value": "true",
      "configuration": {}
    }
  },
  "autoupdate:Felix_SystemDistance": {
    "class": "org.eclipse.smarthome.core.items.Metadata",
    "value": {
      "key": {
        "segments": [
          "autoupdate",
          "Felix_SystemDistance"
        ]
      },
      "value": "true",
      "configuration": {}
    }
  },
  "autoupdate:HTP_Pressure": {
    "class": "org.eclipse.smarthome.core.items.Metadata",
    "value": {
      "key": {
        "segments": [
          "autoupdate",
          "HTP_Pressure"
        ]
      },
      "value": "true",
      "configuration": {}
    }
  },
  "autoupdate:TH_Sensor4_Humidity": {
    "class": "org.eclipse.smarthome.core.items.Metadata",
    "value": {
      "key": {
        "segments": [
          "autoupdate",
          "TH_Sensor4_Humidity"
        ]
      },
      "value": "true",
      "configuration": {}
    }
  },
  "autoupdate:MS_MotionStatus_Stairs": {
    "class": "org.eclipse.smarthome.core.items.Metadata",
    "value": {
      "key": {
        "segments": [
          "autoupdate",
          "MS_MotionStatus_Stairs"
        ]
      },
      "value": "true",
      "configuration": {}
    }
  }
}