{
  "LinaPingableNetworkDevice_Online -\u003e network:pingdevice:3a7ff691:online": {
    "class": "org.eclipse.smarthome.core.thing.link.ItemChannelLink",
    "value": {
      "channelUID": {
        "segments": [
          "network",
          "pingdevice",
          "3a7ff691",
          "online"
        ]
      },
      "configuration": {
        "properties": {
          "profile": "system:default"
        }
      },
      "itemName": "LinaPingableNetworkDevice_Online"
    }
  },
  "LivingRoom_Light_TV -\u003e mqtt:topic:3f44a63b:Light_Above_TV": {
    "class": "org.eclipse.smarthome.core.thing.link.ItemChannelLink",
    "value": {
      "channelUID": {
        "segments": [
          "mqtt",
          "topic",
          "3f44a63b",
          "Light_Above_TV"
        ]
      },
      "configuration": {
        "properties": {
          "profile": "system:default"
        }
      },
      "itemName": "LivingRoom_Light_TV"
    }
  },
  "Kitchen_Light_Main -\u003e mqtt:topic:029939b9:Kitchen_Light_Main": {
    "class": "org.eclipse.smarthome.core.thing.link.ItemChannelLink",
    "value": {
      "channelUID": {
        "segments": [
          "mqtt",
          "topic",
          "029939b9",
          "Kitchen_Light_Main"
        ]
      },
      "configuration": {
        "properties": {
          "profile": "system:default"
        }
      },
      "itemName": "Kitchen_Light_Main"
    }
  },
  "3DPrinterPower_office -\u003e mqtt:topic:a8afc12b:office_3D_printer": {
    "class": "org.eclipse.smarthome.core.thing.link.ItemChannelLink",
    "value": {
      "channelUID": {
        "segments": [
          "mqtt",
          "topic",
          "a8afc12b",
          "office_3D_printer"
        ]
      },
      "configuration": {
        "properties": {
          "profile": "system:default"
        }
      },
      "itemName": "3DPrinterPower_office"
    }
  },
  "WeatherAndForecast_ForecastHours03_ForecastedCloudiness -\u003e openweathermap:weather-and-forecast:040b810e:forecastHours03#cloudiness": {
    "class": "org.eclipse.smarthome.core.thing.link.ItemChannelLink",
    "value": {
      "channelUID": {
        "segments": [
          "openweathermap",
          "weather-and-forecast",
          "040b810e",
          "forecastHours03#cloudiness"
        ]
      },
      "configuration": {
        "properties": {
          "profile": "system:default"
        }
      },
      "itemName": "WeatherAndForecast_ForecastHours03_ForecastedCloudiness"
    }
  },
  "Note9_Online -\u003e network:servicedevice:b7223f03:online": {
    "class": "org.eclipse.smarthome.core.thing.link.ItemChannelLink",
    "value": {
      "channelUID": {
        "segments": [
          "network",
          "servicedevice",
          "b7223f03",
          "online"
        ]
      },
      "configuration": {
        "properties": {
          "profile": "system:default"
        }
      },
      "itemName": "Note9_Online"
    }
  },
  "TH_Sensor3_Humidity -\u003e mihome:sensor_ht:158d000354767a:humidity": {
    "class": "org.eclipse.smarthome.core.thing.link.ItemChannelLink",
    "value": {
      "channelUID": {
        "segments": [
          "mihome",
          "sensor_ht",
          "158d000354767a",
          "humidity"
        ]
      },
      "configuration": {
        "properties": {
          "profile": "system:default"
        }
      },
      "itemName": "TH_Sensor3_Humidity"
    }
  },
  "TH_Sensor5_BatteryLevel -\u003e mihome:sensor_ht:158d00034f8944:batteryLevel": {
    "class": "org.eclipse.smarthome.core.thing.link.ItemChannelLink",
    "value": {
      "channelUID": {
        "segments": [
          "mihome",
          "sensor_ht",
          "158d00034f8944",
          "batteryLevel"
        ]
      },
      "configuration": {
        "properties": {
          "profile": "system:default"
        }
      },
      "itemName": "TH_Sensor5_BatteryLevel"
    }
  },
  "Air_Conditioner_PowerMaster_BedRoom -\u003e mqtt:topic:fc49f3a7:AC": {
    "class": "org.eclipse.smarthome.core.thing.link.ItemChannelLink",
    "value": {
      "channelUID": {
        "segments": [
          "mqtt",
          "topic",
          "fc49f3a7",
          "AC"
        ]
      },
      "configuration": {
        "properties": {
          "profile": "system:default"
        }
      },
      "itemName": "Air_Conditioner_PowerMaster_BedRoom"
    }
  },
  "LivingRoom_Light_Mirror -\u003e mqtt:topic:029939b9:LivingRoom_Mirror": {
    "class": "org.eclipse.smarthome.core.thing.link.ItemChannelLink",
    "value": {
      "channelUID": {
        "segments": [
          "mqtt",
          "topic",
          "029939b9",
          "LivingRoom_Mirror"
        ]
      },
      "configuration": {
        "properties": {
          "profile": "system:default"
        }
      },
      "itemName": "LivingRoom_Light_Mirror"
    }
  },
  "Lina_RegionTrigger -\u003e gpstracker:tracker:45a65c35:regionTrigger": {
    "class": "org.eclipse.smarthome.core.thing.link.ItemChannelLink",
    "value": {
      "channelUID": {
        "segments": [
          "gpstracker",
          "tracker",
          "45a65c35",
          "regionTrigger"
        ]
      },
      "configuration": {
        "properties": {
          "profile": "gpstracker:trigger-geofence",
          "regionName": "Home"
        }
      },
      "itemName": "Lina_RegionTrigger"
    }
  },
  "TH_Sensor5 -\u003e mihome:sensor_ht:158d00034f8944:temperature": {
    "class": "org.eclipse.smarthome.core.thing.link.ItemChannelLink",
    "value": {
      "channelUID": {
        "segments": [
          "mihome",
          "sensor_ht",
          "158d00034f8944",
          "temperature"
        ]
      },
      "configuration": {
        "properties": {
          "profile": "system:default"
        }
      },
      "itemName": "TH_Sensor5"
    }
  },
  "Stairs_Light -\u003e mqtt:topic:5ee209d8:Light": {
    "class": "org.eclipse.smarthome.core.thing.link.ItemChannelLink",
    "value": {
      "channelUID": {
        "segments": [
          "mqtt",
          "topic",
          "5ee209d8",
          "Light"
        ]
      },
      "configuration": {
        "properties": {
          "profile": "system:default"
        }
      },
      "itemName": "Stairs_Light"
    }
  },
  "Felix_Accuracy -\u003e gpstracker:tracker:fl:gpsAccuracy": {
    "class": "org.eclipse.smarthome.core.thing.link.ItemChannelLink",
    "value": {
      "channelUID": {
        "segments": [
          "gpstracker",
          "tracker",
          "fl",
          "gpsAccuracy"
        ]
      },
      "configuration": {
        "properties": {
          "profile": "system:default"
        }
      },
      "itemName": "Felix_Accuracy"
    }
  },
  "TH_Sensor6_BatteryLevel -\u003e mihome:sensor_ht:158d00040f9a7d:batteryLevel": {
    "class": "org.eclipse.smarthome.core.thing.link.ItemChannelLink",
    "value": {
      "channelUID": {
        "segments": [
          "mihome",
          "sensor_ht",
          "158d00040f9a7d",
          "batteryLevel"
        ]
      },
      "configuration": {
        "properties": {
          "profile": "system:default"
        }
      },
      "itemName": "TH_Sensor6_BatteryLevel"
    }
  },
  "Felix_LastSeen -\u003e gpstracker:tracker:fl:lastReport": {
    "class": "org.eclipse.smarthome.core.thing.link.ItemChannelLink",
    "value": {
      "channelUID": {
        "segments": [
          "gpstracker",
          "tracker",
          "fl",
          "lastReport"
        ]
      },
      "configuration": {
        "properties": {
          "profile": "system:default"
        }
      },
      "itemName": "Felix_LastSeen"
    }
  },
  "Lina_Location -\u003e gpstracker:tracker:LF:lastLocation": {
    "class": "org.eclipse.smarthome.core.thing.link.ItemChannelLink",
    "value": {
      "channelUID": {
        "segments": [
          "gpstracker",
          "tracker",
          "LF",
          "lastLocation"
        ]
      },
      "configuration": {
        "properties": {
          "profile": "system:default"
        }
      },
      "itemName": "Lina_Location"
    }
  },
  "Lina_HomeDistance -\u003e gpstracker:tracker:45a65c35:LinaDistance": {
    "class": "org.eclipse.smarthome.core.thing.link.ItemChannelLink",
    "value": {
      "channelUID": {
        "segments": [
          "gpstracker",
          "tracker",
          "45a65c35",
          "LinaDistance"
        ]
      },
      "configuration": {
        "properties": {
          "profile": "system:default"
        }
      },
      "itemName": "Lina_HomeDistance"
    }
  },
  "Lina_LastSeen -\u003e gpstracker:tracker:LF:lastReport": {
    "class": "org.eclipse.smarthome.core.thing.link.ItemChannelLink",
    "value": {
      "channelUID": {
        "segments": [
          "gpstracker",
          "tracker",
          "LF",
          "lastReport"
        ]
      },
      "configuration": {
        "properties": {
          "profile": "system:default"
        }
      },
      "itemName": "Lina_LastSeen"
    }
  },
  "BathroomHeater_Kids -\u003e mqtt:topic:0c6d0bde:Heater": {
    "class": "org.eclipse.smarthome.core.thing.link.ItemChannelLink",
    "value": {
      "channelUID": {
        "segments": [
          "mqtt",
          "topic",
          "0c6d0bde",
          "Heater"
        ]
      },
      "configuration": {
        "properties": {
          "profile": "system:default"
        }
      },
      "itemName": "BathroomHeater_Kids"
    }
  },
  "Lina_Accuracy -\u003e gpstracker:tracker:LF:gpsAccuracy": {
    "class": "org.eclipse.smarthome.core.thing.link.ItemChannelLink",
    "value": {
      "channelUID": {
        "segments": [
          "gpstracker",
          "tracker",
          "LF",
          "gpsAccuracy"
        ]
      },
      "configuration": {
        "properties": {
          "profile": "system:default"
        }
      },
      "itemName": "Lina_Accuracy"
    }
  },
  "TP_Sensor2 -\u003e mihome:sensor_ht:158d0003547717:temperature": {
    "class": "org.eclipse.smarthome.core.thing.link.ItemChannelLink",
    "value": {
      "channelUID": {
        "segments": [
          "mihome",
          "sensor_ht",
          "158d0003547717",
          "temperature"
        ]
      },
      "configuration": {
        "properties": {
          "profile": "system:default"
        }
      },
      "itemName": "TP_Sensor2"
    }
  },
  "Kitchen_Light_Spots -\u003e mqtt:topic:029939b9:Kitchen_Light_Spots": {
    "class": "org.eclipse.smarthome.core.thing.link.ItemChannelLink",
    "value": {
      "channelUID": {
        "segments": [
          "mqtt",
          "topic",
          "029939b9",
          "Kitchen_Light_Spots"
        ]
      },
      "configuration": {
        "properties": {
          "profile": "system:default"
        }
      },
      "itemName": "Kitchen_Light_Spots"
    }
  },
  "Felix_SystemDistance -\u003e gpstracker:tracker:fl:HomeDistance": {
    "class": "org.eclipse.smarthome.core.thing.link.ItemChannelLink",
    "value": {
      "channelUID": {
        "segments": [
          "gpstracker",
          "tracker",
          "fl",
          "HomeDistance"
        ]
      },
      "configuration": {
        "properties": {
          "profile": "system:default"
        }
      },
      "itemName": "Felix_SystemDistance"
    }
  },
  "LivingRoom_Light_Table -\u003e mqtt:topic:3f44a63b:AboveTable_Light": {
    "class": "org.eclipse.smarthome.core.thing.link.ItemChannelLink",
    "value": {
      "channelUID": {
        "segments": [
          "mqtt",
          "topic",
          "3f44a63b",
          "AboveTable_Light"
        ]
      },
      "configuration": {
        "properties": {
          "profile": "system:default"
        }
      },
      "itemName": "LivingRoom_Light_Table"
    }
  },
  "TH_Sensor4_BatteryLevel -\u003e mihome:sensor_ht:158d0003546a46:batteryLevel": {
    "class": "org.eclipse.smarthome.core.thing.link.ItemChannelLink",
    "value": {
      "channelUID": {
        "segments": [
          "mihome",
          "sensor_ht",
          "158d0003546a46",
          "batteryLevel"
        ]
      },
      "configuration": {
        "properties": {
          "profile": "system:default"
        }
      },
      "itemName": "TH_Sensor4_BatteryLevel"
    }
  },
  "Lina_RegionTrigger -\u003e gpstracker:tracker:LF:regionTrigger": {
    "class": "org.eclipse.smarthome.core.thing.link.ItemChannelLink",
    "value": {
      "channelUID": {
        "segments": [
          "gpstracker",
          "tracker",
          "LF",
          "regionTrigger"
        ]
      },
      "configuration": {
        "properties": {
          "profile": "gpstracker:trigger-geofence",
          "regionName": "Home"
        }
      },
      "itemName": "Lina_RegionTrigger"
    }
  },
  "Felix_SystemDistance -\u003e gpstracker:tracker:fl:FelixGpsDistance": {
    "class": "org.eclipse.smarthome.core.thing.link.ItemChannelLink",
    "value": {
      "channelUID": {
        "segments": [
          "gpstracker",
          "tracker",
          "fl",
          "FelixGpsDistance"
        ]
      },
      "configuration": {
        "properties": {
          "profile": "system:default"
        }
      },
      "itemName": "Felix_SystemDistance"
    }
  },
  "HTP_LowBattery -\u003e mihome:sensor_weather_v1:158d0003055bd4:lowBattery": {
    "class": "org.eclipse.smarthome.core.thing.link.ItemChannelLink",
    "value": {
      "channelUID": {
        "segments": [
          "mihome",
          "sensor_weather_v1",
          "158d0003055bd4",
          "lowBattery"
        ]
      },
      "configuration": {
        "properties": {
          "profile": "system:default"
        }
      },
      "itemName": "HTP_LowBattery"
    }
  },
  "Bedroom_Light_Main -\u003e mqtt:topic:56e7896d:AC": {
    "class": "org.eclipse.smarthome.core.thing.link.ItemChannelLink",
    "value": {
      "channelUID": {
        "segments": [
          "mqtt",
          "topic",
          "56e7896d",
          "AC"
        ]
      },
      "configuration": {
        "properties": {
          "profile": "system:default"
        }
      },
      "itemName": "Bedroom_Light_Main"
    }
  },
  "FelixNote9Mobile_Online -\u003e network:servicedevice:01b2e655:online": {
    "class": "org.eclipse.smarthome.core.thing.link.ItemChannelLink",
    "value": {
      "channelUID": {
        "segments": [
          "network",
          "servicedevice",
          "01b2e655",
          "online"
        ]
      },
      "configuration": {
        "properties": {
          "profile": "system:default"
        }
      },
      "itemName": "FelixNote9Mobile_Online"
    }
  },
  "FelixNote9PingableNetworkDevice_Online -\u003e network:pingdevice:55e733a1:online": {
    "class": "org.eclipse.smarthome.core.thing.link.ItemChannelLink",
    "value": {
      "channelUID": {
        "segments": [
          "network",
          "pingdevice",
          "55e733a1",
          "online"
        ]
      },
      "configuration": {
        "properties": {
          "profile": "system:default"
        }
      },
      "itemName": "FelixNote9PingableNetworkDevice_Online"
    }
  },
  "TH_Sensor6_Humidity -\u003e mihome:sensor_ht:158d00040f9a7d:humidity": {
    "class": "org.eclipse.smarthome.core.thing.link.ItemChannelLink",
    "value": {
      "channelUID": {
        "segments": [
          "mihome",
          "sensor_ht",
          "158d00040f9a7d",
          "humidity"
        ]
      },
      "configuration": {
        "properties": {
          "profile": "system:default"
        }
      },
      "itemName": "TH_Sensor6_Humidity"
    }
  },
  "Lina_BatteryLevel -\u003e gpstracker:tracker:LF:batteryLevel": {
    "class": "org.eclipse.smarthome.core.thing.link.ItemChannelLink",
    "value": {
      "channelUID": {
        "segments": [
          "gpstracker",
          "tracker",
          "LF",
          "batteryLevel"
        ]
      },
      "configuration": {
        "properties": {
          "profile": "system:default"
        }
      },
      "itemName": "Lina_BatteryLevel"
    }
  },
  "TH_Sensor4_Humidity -\u003e mihome:sensor_ht:158d0003546a46:humidity": {
    "class": "org.eclipse.smarthome.core.thing.link.ItemChannelLink",
    "value": {
      "channelUID": {
        "segments": [
          "mihome",
          "sensor_ht",
          "158d0003546a46",
          "humidity"
        ]
      },
      "configuration": {
        "properties": {
          "profile": "system:default"
        }
      },
      "itemName": "TH_Sensor4_Humidity"
    }
  },
  "TH_Sensor3 -\u003e mihome:sensor_ht:158d000354767a:temperature": {
    "class": "org.eclipse.smarthome.core.thing.link.ItemChannelLink",
    "value": {
      "channelUID": {
        "segments": [
          "mihome",
          "sensor_ht",
          "158d000354767a",
          "temperature"
        ]
      },
      "configuration": {
        "properties": {
          "profile": "system:default"
        }
      },
      "itemName": "TH_Sensor3"
    }
  },
  "XIAOMI_TEMPERATURE_SENSOR_TEMPERATURE -\u003e mihome:sensor_weather_v1:158d0003055bd4:temperature": {
    "class": "org.eclipse.smarthome.core.thing.link.ItemChannelLink",
    "value": {
      "channelUID": {
        "segments": [
          "mihome",
          "sensor_weather_v1",
          "158d0003055bd4",
          "temperature"
        ]
      },
      "configuration": {
        "properties": {
          "profile": "system:default"
        }
      },
      "itemName": "XIAOMI_TEMPERATURE_SENSOR_TEMPERATURE"
    }
  },
  "HTP_Humidity -\u003e mihome:sensor_weather_v1:158d0003055bd4:humidity": {
    "class": "org.eclipse.smarthome.core.thing.link.ItemChannelLink",
    "value": {
      "channelUID": {
        "segments": [
          "mihome",
          "sensor_weather_v1",
          "158d0003055bd4",
          "humidity"
        ]
      },
      "configuration": {
        "properties": {
          "profile": "system:default"
        }
      },
      "itemName": "HTP_Humidity"
    }
  },
  "Felix_BatteryLevel -\u003e gpstracker:tracker:fl:batteryLevel": {
    "class": "org.eclipse.smarthome.core.thing.link.ItemChannelLink",
    "value": {
      "channelUID": {
        "segments": [
          "gpstracker",
          "tracker",
          "fl",
          "batteryLevel"
        ]
      },
      "configuration": {
        "properties": {
          "profile": "system:default"
        }
      },
      "itemName": "Felix_BatteryLevel"
    }
  },
  "PowerSocket_RPI4 -\u003e mqtt:topic:a5aa8a59:RPI4_Power": {
    "class": "org.eclipse.smarthome.core.thing.link.ItemChannelLink",
    "value": {
      "channelUID": {
        "segments": [
          "mqtt",
          "topic",
          "a5aa8a59",
          "RPI4_Power"
        ]
      },
      "configuration": {
        "properties": {
          "profile": "system:default"
        }
      },
      "itemName": "PowerSocket_RPI4"
    }
  },
  "TH_Sensor3_BatteryLevel -\u003e mihome:sensor_ht:158d000354767a:batteryLevel": {
    "class": "org.eclipse.smarthome.core.thing.link.ItemChannelLink",
    "value": {
      "channelUID": {
        "segments": [
          "mihome",
          "sensor_ht",
          "158d000354767a",
          "batteryLevel"
        ]
      },
      "configuration": {
        "properties": {
          "profile": "system:default"
        }
      },
      "itemName": "TH_Sensor3_BatteryLevel"
    }
  },
  "BathroomHeater_Parents -\u003e mqtt:topic:a439e1c7:Heater": {
    "class": "org.eclipse.smarthome.core.thing.link.ItemChannelLink",
    "value": {
      "channelUID": {
        "segments": [
          "mqtt",
          "topic",
          "a439e1c7",
          "Heater"
        ]
      },
      "configuration": {
        "properties": {
          "profile": "system:default"
        }
      },
      "itemName": "BathroomHeater_Parents"
    }
  },
  "Felix_RegionTrigger -\u003e gpstracker:tracker:fl:regionTrigger": {
    "class": "org.eclipse.smarthome.core.thing.link.ItemChannelLink",
    "value": {
      "channelUID": {
        "segments": [
          "gpstracker",
          "tracker",
          "fl",
          "regionTrigger"
        ]
      },
      "configuration": {
        "properties": {
          "profile": "gpstracker:trigger-geofence",
          "regionName": "Home"
        }
      },
      "itemName": "Felix_RegionTrigger"
    }
  },
  "Note9_LastSeen -\u003e network:servicedevice:b7223f03:lastseen": {
    "class": "org.eclipse.smarthome.core.thing.link.ItemChannelLink",
    "value": {
      "channelUID": {
        "segments": [
          "network",
          "servicedevice",
          "b7223f03",
          "lastseen"
        ]
      },
      "configuration": {
        "properties": {
          "profile": "system:default"
        }
      },
      "itemName": "Note9_LastSeen"
    }
  },
  "OW_Current_OutdoorTemperature -\u003e openweathermap:weather-and-forecast:0197aa1e:local:current#temperature": {
    "class": "org.eclipse.smarthome.core.thing.link.ItemChannelLink",
    "value": {
      "channelUID": {
        "segments": [
          "openweathermap",
          "weather-and-forecast",
          "0197aa1e",
          "local",
          "current#temperature"
        ]
      },
      "configuration": {
        "properties": {
          "profile": "system:default"
        }
      },
      "itemName": "OW_Current_OutdoorTemperature"
    }
  },
  "TH_Sensor6_Temperature -\u003e mihome:sensor_ht:158d00040f9a7d:temperature": {
    "class": "org.eclipse.smarthome.core.thing.link.ItemChannelLink",
    "value": {
      "channelUID": {
        "segments": [
          "mihome",
          "sensor_ht",
          "158d00040f9a7d",
          "temperature"
        ]
      },
      "configuration": {
        "properties": {
          "profile": "system:default"
        }
      },
      "itemName": "TH_Sensor6_Temperature"
    }
  },
  "TH_Sensor4 -\u003e mihome:sensor_ht:158d0003546a46:temperature": {
    "class": "org.eclipse.smarthome.core.thing.link.ItemChannelLink",
    "value": {
      "channelUID": {
        "segments": [
          "mihome",
          "sensor_ht",
          "158d0003546a46",
          "temperature"
        ]
      },
      "configuration": {
        "properties": {
          "profile": "system:default"
        }
      },
      "itemName": "TH_Sensor4"
    }
  },
  "Lina_HomeDistance -\u003e gpstracker:tracker:LF:distanceSystem": {
    "class": "org.eclipse.smarthome.core.thing.link.ItemChannelLink",
    "value": {
      "channelUID": {
        "segments": [
          "gpstracker",
          "tracker",
          "LF",
          "distanceSystem"
        ]
      },
      "configuration": {
        "properties": {
          "profile": "system:default"
        }
      },
      "itemName": "Lina_HomeDistance"
    }
  },
  "HTP_Pressure -\u003e mihome:sensor_weather_v1:158d0003055bd4:pressure": {
    "class": "org.eclipse.smarthome.core.thing.link.ItemChannelLink",
    "value": {
      "channelUID": {
        "segments": [
          "mihome",
          "sensor_weather_v1",
          "158d0003055bd4",
          "pressure"
        ]
      },
      "configuration": {
        "properties": {
          "profile": "system:default"
        }
      },
      "itemName": "HTP_Pressure"
    }
  },
  "TH_Sensor5_Humidity -\u003e mihome:sensor_ht:158d00034f8944:humidity": {
    "class": "org.eclipse.smarthome.core.thing.link.ItemChannelLink",
    "value": {
      "channelUID": {
        "segments": [
          "mihome",
          "sensor_ht",
          "158d00034f8944",
          "humidity"
        ]
      },
      "configuration": {
        "properties": {
          "profile": "system:default"
        }
      },
      "itemName": "TH_Sensor5_Humidity"
    }
  },
  "Kids_Light_Main -\u003e mqtt:topic:61903fe2:light": {
    "class": "org.eclipse.smarthome.core.thing.link.ItemChannelLink",
    "value": {
      "channelUID": {
        "segments": [
          "mqtt",
          "topic",
          "61903fe2",
          "light"
        ]
      },
      "configuration": {
        "properties": {
          "profile": "system:default"
        }
      },
      "itemName": "Kids_Light_Main"
    }
  },
  "Lina_BatteryLevel -\u003e gpstracker:tracker:45a65c35:batteryLevel": {
    "class": "org.eclipse.smarthome.core.thing.link.ItemChannelLink",
    "value": {
      "channelUID": {
        "segments": [
          "gpstracker",
          "tracker",
          "45a65c35",
          "batteryLevel"
        ]
      },
      "configuration": {
        "properties": {
          "profile": "system:default"
        }
      },
      "itemName": "Lina_BatteryLevel"
    }
  },
  "HTP_BatteryLevel -\u003e mihome:sensor_weather_v1:158d0003055bd4:batteryLevel": {
    "class": "org.eclipse.smarthome.core.thing.link.ItemChannelLink",
    "value": {
      "channelUID": {
        "segments": [
          "mihome",
          "sensor_weather_v1",
          "158d0003055bd4",
          "batteryLevel"
        ]
      },
      "configuration": {
        "properties": {
          "profile": "system:default"
        }
      },
      "itemName": "HTP_BatteryLevel"
    }
  },
  "SS_1 -\u003e miio:generic:0DFAE439:actions#power": {
    "class": "org.eclipse.smarthome.core.thing.link.ItemChannelLink",
    "value": {
      "channelUID": {
        "segments": [
          "miio",
          "generic",
          "0DFAE439",
          "actions#power"
        ]
      },
      "configuration": {
        "properties": {
          "profile": "system:default"
        }
      },
      "itemName": "SS_1"
    }
  },
  "MiSmartHomeGatewayV3_Actions_PowerOnOff -\u003e miio:generic:07EDE210:actions#power": {
    "class": "org.eclipse.smarthome.core.thing.link.ItemChannelLink",
    "value": {
      "channelUID": {
        "segments": [
          "miio",
          "generic",
          "07EDE210",
          "actions#power"
        ]
      },
      "configuration": {
        "properties": {
          "profile": "system:default"
        }
      },
      "itemName": "MiSmartHomeGatewayV3_Actions_PowerOnOff"
    }
  },
  "PowerSocket_Kids -\u003e mqtt:topic:7d2d966b:PowerSocket": {
    "class": "org.eclipse.smarthome.core.thing.link.ItemChannelLink",
    "value": {
      "channelUID": {
        "segments": [
          "mqtt",
          "topic",
          "7d2d966b",
          "PowerSocket"
        ]
      },
      "configuration": {
        "properties": {
          "profile": "system:default"
        }
      },
      "itemName": "PowerSocket_Kids"
    }
  },
  "LivingRoom_Light_Main -\u003e mqtt:topic:029939b9:LivingRoom_Light_Main": {
    "class": "org.eclipse.smarthome.core.thing.link.ItemChannelLink",
    "value": {
      "channelUID": {
        "segments": [
          "mqtt",
          "topic",
          "029939b9",
          "LivingRoom_Light_Main"
        ]
      },
      "configuration": {
        "properties": {
          "profile": "system:default"
        }
      },
      "itemName": "LivingRoom_Light_Main"
    }
  },
  "Lina_Accuracy -\u003e gpstracker:tracker:45a65c35:gpsAccuracy": {
    "class": "org.eclipse.smarthome.core.thing.link.ItemChannelLink",
    "value": {
      "channelUID": {
        "segments": [
          "gpstracker",
          "tracker",
          "45a65c35",
          "gpsAccuracy"
        ]
      },
      "configuration": {
        "properties": {
          "profile": "system:default"
        }
      },
      "itemName": "Lina_Accuracy"
    }
  },
  "WeatherAndForecast_Current_Cloudiness -\u003e openweathermap:weather-and-forecast:040b810e:current#cloudiness": {
    "class": "org.eclipse.smarthome.core.thing.link.ItemChannelLink",
    "value": {
      "channelUID": {
        "segments": [
          "openweathermap",
          "weather-and-forecast",
          "040b810e",
          "current#cloudiness"
        ]
      },
      "configuration": {
        "properties": {
          "profile": "system:default"
        }
      },
      "itemName": "WeatherAndForecast_Current_Cloudiness"
    }
  },
  "BathroomParents_Light -\u003e mqtt:topic:70bb004c:Light": {
    "class": "org.eclipse.smarthome.core.thing.link.ItemChannelLink",
    "value": {
      "channelUID": {
        "segments": [
          "mqtt",
          "topic",
          "70bb004c",
          "Light"
        ]
      },
      "configuration": {
        "properties": {
          "profile": "system:default"
        }
      },
      "itemName": "BathroomParents_Light"
    }
  },
  "Lina_LastSeen -\u003e gpstracker:tracker:45a65c35:lastReport": {
    "class": "org.eclipse.smarthome.core.thing.link.ItemChannelLink",
    "value": {
      "channelUID": {
        "segments": [
          "gpstracker",
          "tracker",
          "45a65c35",
          "lastReport"
        ]
      },
      "configuration": {
        "properties": {
          "profile": "system:default"
        }
      },
      "itemName": "Lina_LastSeen"
    }
  },
  "Air_Conditioner_PowerMaster_KidsRoom -\u003e mqtt:topic:61903fe2:AC": {
    "class": "org.eclipse.smarthome.core.thing.link.ItemChannelLink",
    "value": {
      "channelUID": {
        "segments": [
          "mqtt",
          "topic",
          "61903fe2",
          "AC"
        ]
      },
      "configuration": {
        "properties": {
          "profile": "system:default"
        }
      },
      "itemName": "Air_Conditioner_PowerMaster_KidsRoom"
    }
  }
}