{
  "miio:generic:FFFFFFFF": {
    "class": "org.eclipse.smarthome.config.discovery.internal.DiscoveryResultImpl",
    "value": {
      "thingUID": {
        "segments": [
          "miio",
          "generic",
          "FFFFFFFF"
        ]
      },
      "thingTypeUID": {
        "segments": [
          "miio",
          "generic"
        ]
      },
      "properties": {
        "host": "192.168.0.52",
        "deviceId": "FFFFFFFF"
      },
      "representationProperty": "FFFFFFFF",
      "flag": "NEW",
      "label": "Xiaomi Mi Device FFFFFFFF (4294967295)",
      "timestamp": 1605975865357,
      "timeToLive": -1
    }
  },
  "miio:unsupported:07EDE210": {
    "class": "org.eclipse.smarthome.config.discovery.internal.DiscoveryResultImpl",
    "value": {
      "thingUID": {
        "segments": [
          "miio",
          "unsupported",
          "07EDE210"
        ]
      },
      "thingTypeUID": {
        "segments": [
          "miio",
          "unsupported"
        ]
      },
      "properties": {
        "host": "192.168.0.66",
        "deviceId": "07EDE210"
      },
      "representationProperty": "07EDE210",
      "flag": "NEW",
      "label": "Xiaomi Mi Device 07EDE210 (133030416) lumi-gateway-v3_miio133030416",
      "timestamp": 1600165999738,
      "timeToLive": -1
    }
  }
}