{
  "FelixNote9PingableNetworkDevice_Online": {
    "class": "org.eclipse.smarthome.core.items.ManagedItemProvider$PersistedItem",
    "value": {
      "groupNames": [
        "Presence",
        "AnyoneHome"
      ],
      "itemType": "Switch",
      "tags": [],
      "label": "Felix Mobile Online"
    }
  },
  "Note9_LastSeen": {
    "class": "org.eclipse.smarthome.core.items.ManagedItemProvider$PersistedItem",
    "value": {
      "groupNames": [
        "LivingRoom"
      ],
      "itemType": "DateTime",
      "tags": [],
      "label": "Last seen"
    }
  },
  "Felix_LastSeen": {
    "class": "org.eclipse.smarthome.core.items.ManagedItemProvider$PersistedItem",
    "value": {
      "groupNames": [
        "Presence"
      ],
      "itemType": "DateTime",
      "tags": [],
      "label": "Felix Last Seen"
    }
  },
  "Felix_RegionTrigger": {
    "class": "org.eclipse.smarthome.core.items.ManagedItemProvider$PersistedItem",
    "value": {
      "groupNames": [
        "Presence",
        "AnyoneHome"
      ],
      "itemType": "Switch",
      "tags": [],
      "label": "Felix@Home",
      "category": "Presence"
    }
  },
  "TH_Sensor5_Humidity": {
    "class": "org.eclipse.smarthome.core.items.ManagedItemProvider$PersistedItem",
    "value": {
      "groupNames": [
        "Office"
      ],
      "itemType": "Number:Dimensionless",
      "tags": [],
      "label": "Room Humidity",
      "category": "Humidity"
    }
  },
  "TP_Sensor2": {
    "class": "org.eclipse.smarthome.core.items.ManagedItemProvider$PersistedItem",
    "value": {
      "groupNames": [
        "Weather"
      ],
      "itemType": "Number:Temperature",
      "tags": [],
      "label": "Temperature",
      "category": "Temperature"
    }
  },
  "HTP_Pressure": {
    "class": "org.eclipse.smarthome.core.items.ManagedItemProvider$PersistedItem",
    "value": {
      "groupNames": [
        "BedRoom"
      ],
      "itemType": "Number:Pressure",
      "tags": [],
      "label": "Pressure",
      "category": "Pressure"
    }
  },
  "Felix_Accuracy": {
    "class": "org.eclipse.smarthome.core.items.ManagedItemProvider$PersistedItem",
    "value": {
      "groupNames": [
        "Presence"
      ],
      "itemType": "Number:Length",
      "tags": [],
      "label": "Felix Location Accuracy"
    }
  },
  "HTP_Humidity": {
    "class": "org.eclipse.smarthome.core.items.ManagedItemProvider$PersistedItem",
    "value": {
      "groupNames": [
        "BedRoom"
      ],
      "itemType": "Number:Dimensionless",
      "tags": [],
      "label": "Humidity",
      "category": "Humidity"
    }
  },
  "SS_1": {
    "class": "org.eclipse.smarthome.core.items.ManagedItemProvider$PersistedItem",
    "value": {
      "groupNames": [
        "LivingRoom"
      ],
      "itemType": "Switch",
      "tags": [],
      "label": "Kodi Power On/Off"
    }
  },
  "TH_Sensor6_Temperature": {
    "class": "org.eclipse.smarthome.core.items.ManagedItemProvider$PersistedItem",
    "value": {
      "groupNames": [
        "BathroomKids"
      ],
      "itemType": "Number:Temperature",
      "tags": [],
      "label": "Room Temperature",
      "category": "Temperature"
    }
  },
  "3DPrinterPower_office": {
    "class": "org.eclipse.smarthome.core.items.ManagedItemProvider$PersistedItem",
    "value": {
      "groupNames": [
        "Office"
      ],
      "itemType": "Switch",
      "tags": [],
      "label": "3D Printer Power"
    }
  },
  "Lina_LastSeen": {
    "class": "org.eclipse.smarthome.core.items.ManagedItemProvider$PersistedItem",
    "value": {
      "groupNames": [
        "Presence"
      ],
      "itemType": "DateTime",
      "tags": [],
      "label": "Lina Last Seen"
    }
  },
  "Lina_BatteryLevel": {
    "class": "org.eclipse.smarthome.core.items.ManagedItemProvider$PersistedItem",
    "value": {
      "groupNames": [
        "Presence"
      ],
      "itemType": "Number",
      "tags": [],
      "label": "Lina Battery Level",
      "category": "Battery"
    }
  },
  "Lina_HomeDistance": {
    "class": "org.eclipse.smarthome.core.items.ManagedItemProvider$PersistedItem",
    "value": {
      "groupNames": [
        "Presence"
      ],
      "itemType": "Number:Length",
      "tags": [],
      "label": "Lina Distance"
    }
  },
  "TH_Sensor6_Humidity": {
    "class": "org.eclipse.smarthome.core.items.ManagedItemProvider$PersistedItem",
    "value": {
      "groupNames": [
        "BathroomKids"
      ],
      "itemType": "Number:Dimensionless",
      "tags": [],
      "label": "Humidity",
      "category": "Humidity"
    }
  },
  "TH_Sensor3_Humidity": {
    "class": "org.eclipse.smarthome.core.items.ManagedItemProvider$PersistedItem",
    "value": {
      "groupNames": [
        "LivingRoom"
      ],
      "itemType": "Number:Dimensionless",
      "tags": [],
      "label": "Humidity",
      "category": "Humidity"
    }
  },
  "Felix_SystemDistance": {
    "class": "org.eclipse.smarthome.core.items.ManagedItemProvider$PersistedItem",
    "value": {
      "groupNames": [
        "Presence"
      ],
      "itemType": "Number:Length",
      "tags": [],
      "label": "Felix Distance"
    }
  },
  "Lina_RegionTrigger": {
    "class": "org.eclipse.smarthome.core.items.ManagedItemProvider$PersistedItem",
    "value": {
      "groupNames": [
        "Presence",
        "AnyoneHome"
      ],
      "itemType": "Switch",
      "tags": [],
      "label": "Lina@Home",
      "category": "Presence"
    }
  },
  "WeatherAndForecast_Current_Cloudiness": {
    "class": "org.eclipse.smarthome.core.items.ManagedItemProvider$PersistedItem",
    "value": {
      "groupNames": [
        "Office"
      ],
      "itemType": "Number:Dimensionless",
      "tags": [],
      "label": "Cloudiness",
      "category": "Clouds"
    }
  },
  "HTP_BatteryLevel": {
    "class": "org.eclipse.smarthome.core.items.ManagedItemProvider$PersistedItem",
    "value": {
      "groupNames": [
        "BedRoom"
      ],
      "itemType": "Number",
      "tags": [],
      "label": "Battery Level",
      "category": "Battery"
    }
  },
  "WeatherAndForecast_ForecastHours03_ForecastedCloudiness": {
    "class": "org.eclipse.smarthome.core.items.ManagedItemProvider$PersistedItem",
    "value": {
      "groupNames": [
        "Office"
      ],
      "itemType": "Number:Dimensionless",
      "tags": [],
      "label": "Forecasted Cloudiness",
      "category": "Clouds"
    }
  },
  "TH_Sensor6_BatteryLevel": {
    "class": "org.eclipse.smarthome.core.items.ManagedItemProvider$PersistedItem",
    "value": {
      "groupNames": [
        "BathroomKids"
      ],
      "itemType": "Number",
      "tags": [],
      "label": "Battery Level",
      "category": "Battery"
    }
  },
  "Felix_BatteryLevel": {
    "class": "org.eclipse.smarthome.core.items.ManagedItemProvider$PersistedItem",
    "value": {
      "groupNames": [
        "Presence"
      ],
      "itemType": "Number",
      "tags": [],
      "label": "Felix Battery Level",
      "category": "Battery"
    }
  },
  "TH_Sensor5_BatteryLevel": {
    "class": "org.eclipse.smarthome.core.items.ManagedItemProvider$PersistedItem",
    "value": {
      "groupNames": [
        "Office"
      ],
      "itemType": "Number",
      "tags": [],
      "label": "Battery Level",
      "category": "Battery"
    }
  },
  "Lina_Accuracy": {
    "class": "org.eclipse.smarthome.core.items.ManagedItemProvider$PersistedItem",
    "value": {
      "groupNames": [
        "Presence"
      ],
      "itemType": "Number:Length",
      "tags": [],
      "label": "Lina GPS Accuracy"
    }
  },
  "TH_Sensor3_BatteryLevel": {
    "class": "org.eclipse.smarthome.core.items.ManagedItemProvider$PersistedItem",
    "value": {
      "groupNames": [
        "LivingRoom"
      ],
      "itemType": "Number",
      "tags": [],
      "label": "Battery Level",
      "category": "Battery"
    }
  },
  "TH_Sensor3": {
    "class": "org.eclipse.smarthome.core.items.ManagedItemProvider$PersistedItem",
    "value": {
      "groupNames": [
        "LivingRoom"
      ],
      "itemType": "Number:Temperature",
      "tags": [],
      "label": "Temperature",
      "category": "Temperature"
    }
  },
  "TH_Sensor4": {
    "class": "org.eclipse.smarthome.core.items.ManagedItemProvider$PersistedItem",
    "value": {
      "groupNames": [
        "KidsRoom"
      ],
      "itemType": "Number:Temperature",
      "tags": [],
      "label": "Temperature",
      "category": "Temperature"
    }
  },
  "TH_Sensor4_BatteryLevel": {
    "class": "org.eclipse.smarthome.core.items.ManagedItemProvider$PersistedItem",
    "value": {
      "groupNames": [
        "ChildsRoom"
      ],
      "itemType": "Number",
      "tags": [],
      "label": "Battery Level",
      "category": "Battery"
    }
  },
  "XIAOMI_TEMPERATURE_SENSOR_TEMPERATURE": {
    "class": "org.eclipse.smarthome.core.items.ManagedItemProvider$PersistedItem",
    "value": {
      "groupNames": [
        "BedRoom"
      ],
      "itemType": "Number:Temperature",
      "tags": [],
      "category": "TEMPERATURE"
    }
  },
  "LinaPingableNetworkDevice_Online": {
    "class": "org.eclipse.smarthome.core.items.ManagedItemProvider$PersistedItem",
    "value": {
      "groupNames": [
        "Presence",
        "AnyoneHome"
      ],
      "itemType": "Switch",
      "tags": [],
      "label": "Lina Mobile Online"
    }
  },
  "TH_Sensor4_Humidity": {
    "class": "org.eclipse.smarthome.core.items.ManagedItemProvider$PersistedItem",
    "value": {
      "groupNames": [
        "ChildsRoom"
      ],
      "itemType": "Number:Dimensionless",
      "tags": [],
      "label": "Humidity",
      "category": "Humidity"
    }
  },
  "HTP_LowBattery": {
    "class": "org.eclipse.smarthome.core.items.ManagedItemProvider$PersistedItem",
    "value": {
      "groupNames": [
        "BedRoom"
      ],
      "itemType": "Number",
      "tags": [],
      "label": "Low Battery",
      "category": "Battery"
    }
  },
  "OW_Current_OutdoorTemperature": {
    "class": "org.eclipse.smarthome.core.items.ManagedItemProvider$PersistedItem",
    "value": {
      "groupNames": [
        "Weather",
        "Office"
      ],
      "itemType": "Number:Temperature",
      "tags": [],
      "label": "Outdoor Temperature",
      "category": "Temperature"
    }
  },
  "TH_Sensor5": {
    "class": "org.eclipse.smarthome.core.items.ManagedItemProvider$PersistedItem",
    "value": {
      "groupNames": [
        "Office"
      ],
      "itemType": "Number:Temperature",
      "tags": [],
      "label": "Room Temperature",
      "category": "Temperature"
    }
  },
  "MiSmartHomeGatewayV3_Actions_PowerOnOff": {
    "class": "org.eclipse.smarthome.core.items.ManagedItemProvider$PersistedItem",
    "value": {
      "groupNames": [],
      "itemType": "Switch",
      "tags": [],
      "label": "Power On/Off"
    }
  }
}