{
  "mihome:gateway:04cf8ca1513e": {
    "class": "org.eclipse.smarthome.core.thing.internal.ThingImpl",
    "value": {
      "label": "Xiaomi Mi Smart Home Gateway",
      "bridgeUID": {
        "segments": [
          "mihome",
          "bridge",
          "04cf8ca1513e"
        ]
      },
      "channels": [
        {
          "acceptedItemType": "Switch",
          "kind": "STATE",
          "uid": {
            "segments": [
              "mihome",
              "gateway",
              "04cf8ca1513e",
              "joinPermission"
            ]
          },
          "channelTypeUID": {
            "segments": [
              "mihome",
              "joinPermission"
            ]
          },
          "label": "Enable Device Inclusion",
          "configuration": {
            "properties": {}
          },
          "properties": {},
          "defaultTags": []
        },
        {
          "acceptedItemType": "Dimmer",
          "kind": "STATE",
          "uid": {
            "segments": [
              "mihome",
              "gateway",
              "04cf8ca1513e",
              "brightness"
            ]
          },
          "channelTypeUID": {
            "segments": [
              "mihome",
              "brightness"
            ]
          },
          "label": "Brightness",
          "description": "The brightness channel allows to control the brightness of a light. It is also possible to switch the light on and off.",
          "configuration": {
            "properties": {}
          },
          "properties": {},
          "defaultTags": [
            "Lighting"
          ]
        },
        {
          "acceptedItemType": "Number",
          "kind": "STATE",
          "uid": {
            "segments": [
              "mihome",
              "gateway",
              "04cf8ca1513e",
              "illumination"
            ]
          },
          "channelTypeUID": {
            "segments": [
              "mihome",
              "illumination"
            ]
          },
          "label": "Illumination",
          "description": "This channel shows the brightness of the environment of the device.",
          "configuration": {
            "properties": {}
          },
          "properties": {},
          "defaultTags": []
        },
        {
          "acceptedItemType": "Color",
          "kind": "STATE",
          "uid": {
            "segments": [
              "mihome",
              "gateway",
              "04cf8ca1513e",
              "color"
            ]
          },
          "channelTypeUID": {
            "segments": [
              "mihome",
              "color"
            ]
          },
          "label": "Color",
          "description": "Control the color of light.",
          "configuration": {
            "properties": {}
          },
          "properties": {},
          "defaultTags": [
            "Lighting"
          ]
        },
        {
          "acceptedItemType": "Dimmer",
          "kind": "STATE",
          "uid": {
            "segments": [
              "mihome",
              "gateway",
              "04cf8ca1513e",
              "colorTemperature"
            ]
          },
          "channelTypeUID": {
            "segments": [
              "mihome",
              "colorTemperature"
            ]
          },
          "label": "Color Temperature",
          "description": "Allows to control the color temperature of light.",
          "configuration": {
            "properties": {}
          },
          "properties": {},
          "defaultTags": [
            "ColorTemperature"
          ]
        },
        {
          "acceptedItemType": "Switch",
          "kind": "STATE",
          "uid": {
            "segments": [
              "mihome",
              "gateway",
              "04cf8ca1513e",
              "enableSound"
            ]
          },
          "channelTypeUID": {
            "segments": [
              "mihome",
              "enableSound"
            ]
          },
          "label": "Switch to turn sound off when playing",
          "configuration": {
            "properties": {}
          },
          "properties": {},
          "defaultTags": []
        },
        {
          "acceptedItemType": "Number",
          "kind": "STATE",
          "uid": {
            "segments": [
              "mihome",
              "gateway",
              "04cf8ca1513e",
              "sound"
            ]
          },
          "channelTypeUID": {
            "segments": [
              "mihome",
              "sound"
            ]
          },
          "label": "Sound Selector",
          "configuration": {
            "properties": {}
          },
          "properties": {},
          "defaultTags": []
        },
        {
          "acceptedItemType": "Dimmer",
          "kind": "STATE",
          "uid": {
            "segments": [
              "mihome",
              "gateway",
              "04cf8ca1513e",
              "volume"
            ]
          },
          "channelTypeUID": {
            "segments": [
              "mihome",
              "volume"
            ]
          },
          "label": "Sound Volume",
          "description": "This channel controls the volume of the gateway for playing sounds",
          "configuration": {
            "properties": {}
          },
          "properties": {},
          "defaultTags": []
        }
      ],
      "configuration": {
        "properties": {
          "itemId": "04cf8ca1513e"
        }
      },
      "properties": {},
      "uid": {
        "segments": [
          "mihome",
          "gateway",
          "04cf8ca1513e"
        ]
      },
      "thingTypeUID": {
        "segments": [
          "mihome",
          "gateway"
        ]
      }
    }
  },
  "mihome:sensor_ht:158d000354767a": {
    "class": "org.eclipse.smarthome.core.thing.internal.ThingImpl",
    "value": {
      "label": "Xiaomi Mi Temperature \u0026 Humidity Sensor 3",
      "bridgeUID": {
        "segments": [
          "mihome",
          "bridge",
          "04cf8ca1513e"
        ]
      },
      "channels": [
        {
          "acceptedItemType": "Number:Temperature",
          "kind": "STATE",
          "uid": {
            "segments": [
              "mihome",
              "sensor_ht",
              "158d000354767a",
              "temperature"
            ]
          },
          "channelTypeUID": {
            "segments": [
              "mihome",
              "temperature"
            ]
          },
          "label": "Temperature",
          "configuration": {
            "properties": {}
          },
          "properties": {},
          "defaultTags": []
        },
        {
          "acceptedItemType": "Number:Dimensionless",
          "kind": "STATE",
          "uid": {
            "segments": [
              "mihome",
              "sensor_ht",
              "158d000354767a",
              "humidity"
            ]
          },
          "channelTypeUID": {
            "segments": [
              "mihome",
              "humidity"
            ]
          },
          "label": "Humidity",
          "configuration": {
            "properties": {}
          },
          "properties": {},
          "defaultTags": []
        },
        {
          "acceptedItemType": "Number",
          "kind": "STATE",
          "uid": {
            "segments": [
              "mihome",
              "sensor_ht",
              "158d000354767a",
              "batteryLevel"
            ]
          },
          "channelTypeUID": {
            "segments": [
              "system",
              "battery-level"
            ]
          },
          "label": "Battery Level",
          "configuration": {
            "properties": {}
          },
          "properties": {},
          "defaultTags": []
        },
        {
          "acceptedItemType": "Switch",
          "kind": "STATE",
          "uid": {
            "segments": [
              "mihome",
              "sensor_ht",
              "158d000354767a",
              "lowBattery"
            ]
          },
          "channelTypeUID": {
            "segments": [
              "system",
              "low-battery"
            ]
          },
          "label": "Low Battery",
          "configuration": {
            "properties": {}
          },
          "properties": {},
          "defaultTags": []
        }
      ],
      "configuration": {
        "properties": {
          "itemId": "158d000354767a"
        }
      },
      "properties": {},
      "uid": {
        "segments": [
          "mihome",
          "sensor_ht",
          "158d000354767a"
        ]
      },
      "thingTypeUID": {
        "segments": [
          "mihome",
          "sensor_ht"
        ]
      }
    }
  },
  "mihome:sensor_ht:158d0003547717": {
    "class": "org.eclipse.smarthome.core.thing.internal.ThingImpl",
    "value": {
      "label": "Xiaomi Mi Temperature \u0026 Humidity Sensor 2",
      "bridgeUID": {
        "segments": [
          "mihome",
          "bridge",
          "04cf8ca1513e"
        ]
      },
      "channels": [
        {
          "acceptedItemType": "Number:Temperature",
          "kind": "STATE",
          "uid": {
            "segments": [
              "mihome",
              "sensor_ht",
              "158d0003547717",
              "temperature"
            ]
          },
          "channelTypeUID": {
            "segments": [
              "mihome",
              "temperature"
            ]
          },
          "label": "Temperature",
          "configuration": {
            "properties": {}
          },
          "properties": {},
          "defaultTags": []
        },
        {
          "acceptedItemType": "Number:Dimensionless",
          "kind": "STATE",
          "uid": {
            "segments": [
              "mihome",
              "sensor_ht",
              "158d0003547717",
              "humidity"
            ]
          },
          "channelTypeUID": {
            "segments": [
              "mihome",
              "humidity"
            ]
          },
          "label": "Humidity",
          "configuration": {
            "properties": {}
          },
          "properties": {},
          "defaultTags": []
        },
        {
          "acceptedItemType": "Number",
          "kind": "STATE",
          "uid": {
            "segments": [
              "mihome",
              "sensor_ht",
              "158d0003547717",
              "batteryLevel"
            ]
          },
          "channelTypeUID": {
            "segments": [
              "system",
              "battery-level"
            ]
          },
          "label": "Battery Level",
          "configuration": {
            "properties": {}
          },
          "properties": {},
          "defaultTags": []
        },
        {
          "acceptedItemType": "Switch",
          "kind": "STATE",
          "uid": {
            "segments": [
              "mihome",
              "sensor_ht",
              "158d0003547717",
              "lowBattery"
            ]
          },
          "channelTypeUID": {
            "segments": [
              "system",
              "low-battery"
            ]
          },
          "label": "Low Battery",
          "configuration": {
            "properties": {}
          },
          "properties": {},
          "defaultTags": []
        }
      ],
      "configuration": {
        "properties": {
          "itemId": "158d0003547717"
        }
      },
      "properties": {},
      "uid": {
        "segments": [
          "mihome",
          "sensor_ht",
          "158d0003547717"
        ]
      },
      "thingTypeUID": {
        "segments": [
          "mihome",
          "sensor_ht"
        ]
      }
    }
  },
  "mihome:bridge:04cf8ca1513e": {
    "class": "org.eclipse.smarthome.core.thing.internal.BridgeImpl",
    "value": {
      "label": "Xiaomi Gateway",
      "channels": [],
      "configuration": {
        "properties": {
          "ipAddress": "192.168.0.66",
          "port": 9898,
          "serialNumber": "04cf8ca1513e"
        }
      },
      "properties": {
        "vendor": "Xiaomi"
      },
      "uid": {
        "segments": [
          "mihome",
          "bridge",
          "04cf8ca1513e"
        ]
      },
      "thingTypeUID": {
        "segments": [
          "mihome",
          "bridge"
        ]
      }
    }
  },
  "mihome:sensor_ht:158d0003546a46": {
    "class": "org.eclipse.smarthome.core.thing.internal.ThingImpl",
    "value": {
      "label": "Xiaomi Mi Temperature \u0026 Humidity Sensor 4",
      "bridgeUID": {
        "segments": [
          "mihome",
          "bridge",
          "04cf8ca1513e"
        ]
      },
      "channels": [
        {
          "acceptedItemType": "Number:Temperature",
          "kind": "STATE",
          "uid": {
            "segments": [
              "mihome",
              "sensor_ht",
              "158d0003546a46",
              "temperature"
            ]
          },
          "channelTypeUID": {
            "segments": [
              "mihome",
              "temperature"
            ]
          },
          "label": "Temperature",
          "configuration": {
            "properties": {}
          },
          "properties": {},
          "defaultTags": []
        },
        {
          "acceptedItemType": "Number:Dimensionless",
          "kind": "STATE",
          "uid": {
            "segments": [
              "mihome",
              "sensor_ht",
              "158d0003546a46",
              "humidity"
            ]
          },
          "channelTypeUID": {
            "segments": [
              "mihome",
              "humidity"
            ]
          },
          "label": "Humidity",
          "configuration": {
            "properties": {}
          },
          "properties": {},
          "defaultTags": []
        },
        {
          "acceptedItemType": "Number",
          "kind": "STATE",
          "uid": {
            "segments": [
              "mihome",
              "sensor_ht",
              "158d0003546a46",
              "batteryLevel"
            ]
          },
          "channelTypeUID": {
            "segments": [
              "system",
              "battery-level"
            ]
          },
          "label": "Battery Level",
          "configuration": {
            "properties": {}
          },
          "properties": {},
          "defaultTags": []
        },
        {
          "acceptedItemType": "Switch",
          "kind": "STATE",
          "uid": {
            "segments": [
              "mihome",
              "sensor_ht",
              "158d0003546a46",
              "lowBattery"
            ]
          },
          "channelTypeUID": {
            "segments": [
              "system",
              "low-battery"
            ]
          },
          "label": "Low Battery",
          "configuration": {
            "properties": {}
          },
          "properties": {},
          "defaultTags": []
        }
      ],
      "configuration": {
        "properties": {
          "itemId": "158d0003546a46"
        }
      },
      "properties": {},
      "uid": {
        "segments": [
          "mihome",
          "sensor_ht",
          "158d0003546a46"
        ]
      },
      "thingTypeUID": {
        "segments": [
          "mihome",
          "sensor_ht"
        ]
      }
    }
  },
  "mihome:gateway:4cf8ca1513e": {
    "class": "org.eclipse.smarthome.core.thing.internal.ThingImpl",
    "value": {
      "label": "Xiaomi Mi Smart Home Gateway",
      "bridgeUID": {
        "segments": [
          "mihome",
          "bridge",
          "04cf8ca1513e"
        ]
      },
      "channels": [
        {
          "acceptedItemType": "Switch",
          "kind": "STATE",
          "uid": {
            "segments": [
              "mihome",
              "gateway",
              "4cf8ca1513e",
              "joinPermission"
            ]
          },
          "channelTypeUID": {
            "segments": [
              "mihome",
              "joinPermission"
            ]
          },
          "label": "Enable Device Inclusion",
          "configuration": {
            "properties": {}
          },
          "properties": {},
          "defaultTags": []
        },
        {
          "acceptedItemType": "Dimmer",
          "kind": "STATE",
          "uid": {
            "segments": [
              "mihome",
              "gateway",
              "4cf8ca1513e",
              "brightness"
            ]
          },
          "channelTypeUID": {
            "segments": [
              "mihome",
              "brightness"
            ]
          },
          "label": "Brightness",
          "description": "The brightness channel allows to control the brightness of a light. It is also possible to switch the light on and off.",
          "configuration": {
            "properties": {}
          },
          "properties": {},
          "defaultTags": [
            "Lighting"
          ]
        },
        {
          "acceptedItemType": "Number",
          "kind": "STATE",
          "uid": {
            "segments": [
              "mihome",
              "gateway",
              "4cf8ca1513e",
              "illumination"
            ]
          },
          "channelTypeUID": {
            "segments": [
              "mihome",
              "illumination"
            ]
          },
          "label": "Illumination",
          "description": "This channel shows the brightness of the environment of the device.",
          "configuration": {
            "properties": {}
          },
          "properties": {},
          "defaultTags": []
        },
        {
          "acceptedItemType": "Color",
          "kind": "STATE",
          "uid": {
            "segments": [
              "mihome",
              "gateway",
              "4cf8ca1513e",
              "color"
            ]
          },
          "channelTypeUID": {
            "segments": [
              "mihome",
              "color"
            ]
          },
          "label": "Color",
          "description": "Control the color of light.",
          "configuration": {
            "properties": {}
          },
          "properties": {},
          "defaultTags": [
            "Lighting"
          ]
        },
        {
          "acceptedItemType": "Dimmer",
          "kind": "STATE",
          "uid": {
            "segments": [
              "mihome",
              "gateway",
              "4cf8ca1513e",
              "colorTemperature"
            ]
          },
          "channelTypeUID": {
            "segments": [
              "mihome",
              "colorTemperature"
            ]
          },
          "label": "Color Temperature",
          "description": "Allows to control the color temperature of light.",
          "configuration": {
            "properties": {}
          },
          "properties": {},
          "defaultTags": [
            "ColorTemperature"
          ]
        },
        {
          "acceptedItemType": "Switch",
          "kind": "STATE",
          "uid": {
            "segments": [
              "mihome",
              "gateway",
              "4cf8ca1513e",
              "enableSound"
            ]
          },
          "channelTypeUID": {
            "segments": [
              "mihome",
              "enableSound"
            ]
          },
          "label": "Switch to turn sound off when playing",
          "configuration": {
            "properties": {}
          },
          "properties": {},
          "defaultTags": []
        },
        {
          "acceptedItemType": "Number",
          "kind": "STATE",
          "uid": {
            "segments": [
              "mihome",
              "gateway",
              "4cf8ca1513e",
              "sound"
            ]
          },
          "channelTypeUID": {
            "segments": [
              "mihome",
              "sound"
            ]
          },
          "label": "Sound Selector",
          "configuration": {
            "properties": {}
          },
          "properties": {},
          "defaultTags": []
        },
        {
          "acceptedItemType": "Dimmer",
          "kind": "STATE",
          "uid": {
            "segments": [
              "mihome",
              "gateway",
              "4cf8ca1513e",
              "volume"
            ]
          },
          "channelTypeUID": {
            "segments": [
              "mihome",
              "volume"
            ]
          },
          "label": "Sound Volume",
          "description": "This channel controls the volume of the gateway for playing sounds",
          "configuration": {
            "properties": {}
          },
          "properties": {},
          "defaultTags": []
        }
      ],
      "configuration": {
        "properties": {
          "itemId": "4cf8ca1513e"
        }
      },
      "properties": {},
      "uid": {
        "segments": [
          "mihome",
          "gateway",
          "4cf8ca1513e"
        ]
      },
      "thingTypeUID": {
        "segments": [
          "mihome",
          "gateway"
        ]
      }
    }
  },
  "mihome:sensor_switch:158d000361568f": {
    "class": "org.eclipse.smarthome.core.thing.internal.ThingImpl",
    "value": {
      "label": "Xiaomi Mi Wireless Switch",
      "bridgeUID": {
        "segments": [
          "mihome",
          "bridge",
          "04cf8ca1513e"
        ]
      },
      "channels": [
        {
          "kind": "TRIGGER",
          "uid": {
            "segments": [
              "mihome",
              "sensor_switch",
              "158d000361568f",
              "button"
            ]
          },
          "channelTypeUID": {
            "segments": [
              "mihome",
              "button"
            ]
          },
          "label": "Button Event",
          "description": "Fires when the button is pressed, double pressed or pressed for a long time (press/release)",
          "configuration": {
            "properties": {}
          },
          "properties": {},
          "defaultTags": []
        },
        {
          "acceptedItemType": "Number",
          "kind": "STATE",
          "uid": {
            "segments": [
              "mihome",
              "sensor_switch",
              "158d000361568f",
              "batteryLevel"
            ]
          },
          "channelTypeUID": {
            "segments": [
              "system",
              "battery-level"
            ]
          },
          "label": "Battery Level",
          "configuration": {
            "properties": {}
          },
          "properties": {},
          "defaultTags": []
        },
        {
          "acceptedItemType": "Switch",
          "kind": "STATE",
          "uid": {
            "segments": [
              "mihome",
              "sensor_switch",
              "158d000361568f",
              "lowBattery"
            ]
          },
          "channelTypeUID": {
            "segments": [
              "system",
              "low-battery"
            ]
          },
          "label": "Low Battery",
          "configuration": {
            "properties": {}
          },
          "properties": {},
          "defaultTags": []
        }
      ],
      "configuration": {
        "properties": {
          "itemId": "158d000361568f"
        }
      },
      "properties": {},
      "uid": {
        "segments": [
          "mihome",
          "sensor_switch",
          "158d000361568f"
        ]
      },
      "thingTypeUID": {
        "segments": [
          "mihome",
          "sensor_switch"
        ]
      }
    }
  },
  "mihome:sensor_weather_v1:158d0003055bd4": {
    "class": "org.eclipse.smarthome.core.thing.internal.ThingImpl",
    "value": {
      "label": "Xiaomi Aqara Temperature, Humidity \u0026 Pressure Sensor",
      "bridgeUID": {
        "segments": [
          "mihome",
          "bridge",
          "04cf8ca1513e"
        ]
      },
      "channels": [
        {
          "acceptedItemType": "Number:Temperature",
          "kind": "STATE",
          "uid": {
            "segments": [
              "mihome",
              "sensor_weather_v1",
              "158d0003055bd4",
              "temperature"
            ]
          },
          "channelTypeUID": {
            "segments": [
              "mihome",
              "temperature"
            ]
          },
          "label": "Temperature",
          "configuration": {
            "properties": {}
          },
          "properties": {},
          "defaultTags": []
        },
        {
          "acceptedItemType": "Number:Dimensionless",
          "kind": "STATE",
          "uid": {
            "segments": [
              "mihome",
              "sensor_weather_v1",
              "158d0003055bd4",
              "humidity"
            ]
          },
          "channelTypeUID": {
            "segments": [
              "mihome",
              "humidity"
            ]
          },
          "label": "Humidity",
          "configuration": {
            "properties": {}
          },
          "properties": {},
          "defaultTags": []
        },
        {
          "acceptedItemType": "Number:Pressure",
          "kind": "STATE",
          "uid": {
            "segments": [
              "mihome",
              "sensor_weather_v1",
              "158d0003055bd4",
              "pressure"
            ]
          },
          "channelTypeUID": {
            "segments": [
              "mihome",
              "pressure"
            ]
          },
          "label": "Pressure",
          "configuration": {
            "properties": {}
          },
          "properties": {},
          "defaultTags": []
        },
        {
          "acceptedItemType": "Number",
          "kind": "STATE",
          "uid": {
            "segments": [
              "mihome",
              "sensor_weather_v1",
              "158d0003055bd4",
              "batteryLevel"
            ]
          },
          "channelTypeUID": {
            "segments": [
              "system",
              "battery-level"
            ]
          },
          "label": "Battery Level",
          "configuration": {
            "properties": {}
          },
          "properties": {},
          "defaultTags": []
        },
        {
          "acceptedItemType": "Switch",
          "kind": "STATE",
          "uid": {
            "segments": [
              "mihome",
              "sensor_weather_v1",
              "158d0003055bd4",
              "lowBattery"
            ]
          },
          "channelTypeUID": {
            "segments": [
              "system",
              "low-battery"
            ]
          },
          "label": "Low Battery",
          "configuration": {
            "properties": {}
          },
          "properties": {},
          "defaultTags": []
        }
      ],
      "configuration": {
        "properties": {
          "itemId": "158d0003055bd4"
        }
      },
      "properties": {},
      "uid": {
        "segments": [
          "mihome",
          "sensor_weather_v1",
          "158d0003055bd4"
        ]
      },
      "thingTypeUID": {
        "segments": [
          "mihome",
          "sensor_weather_v1"
        ]
      }
    }
  },
  "network:servicedevice:b7223f03": {
    "class": "org.eclipse.smarthome.core.thing.internal.ThingImpl",
    "value": {
      "label": "Note9",
      "channels": [
        {
          "acceptedItemType": "Switch",
          "kind": "STATE",
          "uid": {
            "segments": [
              "network",
              "servicedevice",
              "b7223f03",
              "online"
            ]
          },
          "channelTypeUID": {
            "segments": [
              "network",
              "online"
            ]
          },
          "label": "Online",
          "description": "States whether a device is online or offline",
          "configuration": {
            "properties": {}
          },
          "properties": {},
          "defaultTags": []
        },
        {
          "acceptedItemType": "Number",
          "kind": "STATE",
          "uid": {
            "segments": [
              "network",
              "servicedevice",
              "b7223f03",
              "latency"
            ]
          },
          "channelTypeUID": {
            "segments": [
              "network",
              "latency"
            ]
          },
          "label": "Latency (ms)",
          "description": "States the latency time in milliseconds",
          "configuration": {
            "properties": {}
          },
          "properties": {},
          "defaultTags": []
        },
        {
          "acceptedItemType": "DateTime",
          "kind": "STATE",
          "uid": {
            "segments": [
              "network",
              "servicedevice",
              "b7223f03",
              "lastseen"
            ]
          },
          "channelTypeUID": {
            "segments": [
              "network",
              "lastseen"
            ]
          },
          "label": "Last seen",
          "description": "States the last seen date/time",
          "configuration": {
            "properties": {}
          },
          "properties": {},
          "defaultTags": []
        }
      ],
      "configuration": {
        "properties": {
          "hostname": "192.168.0.61",
          "port": 0,
          "refreshInterval": 3000,
          "retry": 1,
          "timeout": 5000
        }
      },
      "properties": {
        "dhcp_state": "off",
        "presence_detection_type": "",
        "arp_state": "Disabled",
        "uses_ios_wakeup": "No",
        "icmp_state": "Disabled"
      },
      "uid": {
        "segments": [
          "network",
          "servicedevice",
          "b7223f03"
        ]
      },
      "thingTypeUID": {
        "segments": [
          "network",
          "servicedevice"
        ]
      },
      "location": ""
    }
  }
}