{
  "TH_Sensor4_Humidity -\u003e mihome:sensor_ht:158d0003546a46:humidity": {
    "class": "org.eclipse.smarthome.core.thing.link.ItemChannelLink",
    "value": {
      "channelUID": {
        "segments": [
          "mihome",
          "sensor_ht",
          "158d0003546a46",
          "humidity"
        ]
      },
      "configuration": {
        "properties": {
          "profile": "system:default"
        }
      },
      "itemName": "TH_Sensor4_Humidity"
    }
  },
  "XIAOMI_TEMPERATURE_SENSOR_TEMPERATURE -\u003e mihome:sensor_weather_v1:158d0003055bd4:temperature": {
    "class": "org.eclipse.smarthome.core.thing.link.ItemChannelLink",
    "value": {
      "channelUID": {
        "segments": [
          "mihome",
          "sensor_weather_v1",
          "158d0003055bd4",
          "temperature"
        ]
      },
      "configuration": {
        "properties": {
          "profile": "system:default"
        }
      },
      "itemName": "XIAOMI_TEMPERATURE_SENSOR_TEMPERATURE"
    }
  },
  "TH_Sensor3 -\u003e mihome:sensor_ht:158d000354767a:temperature": {
    "class": "org.eclipse.smarthome.core.thing.link.ItemChannelLink",
    "value": {
      "channelUID": {
        "segments": [
          "mihome",
          "sensor_ht",
          "158d000354767a",
          "temperature"
        ]
      },
      "configuration": {
        "properties": {
          "profile": "system:default"
        }
      },
      "itemName": "TH_Sensor3"
    }
  },
  "HTP_Humidity -\u003e mihome:sensor_weather_v1:158d0003055bd4:humidity": {
    "class": "org.eclipse.smarthome.core.thing.link.ItemChannelLink",
    "value": {
      "channelUID": {
        "segments": [
          "mihome",
          "sensor_weather_v1",
          "158d0003055bd4",
          "humidity"
        ]
      },
      "configuration": {
        "properties": {
          "profile": "system:default"
        }
      },
      "itemName": "HTP_Humidity"
    }
  },
  "Note9_Online -\u003e network:servicedevice:b7223f03:online": {
    "class": "org.eclipse.smarthome.core.thing.link.ItemChannelLink",
    "value": {
      "channelUID": {
        "segments": [
          "network",
          "servicedevice",
          "b7223f03",
          "online"
        ]
      },
      "configuration": {
        "properties": {
          "profile": "system:default"
        }
      },
      "itemName": "Note9_Online"
    }
  },
  "TH_Sensor3_Humidity -\u003e mihome:sensor_ht:158d000354767a:humidity": {
    "class": "org.eclipse.smarthome.core.thing.link.ItemChannelLink",
    "value": {
      "channelUID": {
        "segments": [
          "mihome",
          "sensor_ht",
          "158d000354767a",
          "humidity"
        ]
      },
      "configuration": {
        "properties": {
          "profile": "system:default"
        }
      },
      "itemName": "TH_Sensor3_Humidity"
    }
  },
  "TH_Sensor3_BatteryLevel -\u003e mihome:sensor_ht:158d000354767a:batteryLevel": {
    "class": "org.eclipse.smarthome.core.thing.link.ItemChannelLink",
    "value": {
      "channelUID": {
        "segments": [
          "mihome",
          "sensor_ht",
          "158d000354767a",
          "batteryLevel"
        ]
      },
      "configuration": {
        "properties": {
          "profile": "system:default"
        }
      },
      "itemName": "TH_Sensor3_BatteryLevel"
    }
  },
  "TH_Sensor4 -\u003e mihome:sensor_ht:158d0003546a46:temperature": {
    "class": "org.eclipse.smarthome.core.thing.link.ItemChannelLink",
    "value": {
      "channelUID": {
        "segments": [
          "mihome",
          "sensor_ht",
          "158d0003546a46",
          "temperature"
        ]
      },
      "configuration": {
        "properties": {
          "profile": "system:default"
        }
      },
      "itemName": "TH_Sensor4"
    }
  },
  "HTP_Pressure -\u003e mihome:sensor_weather_v1:158d0003055bd4:pressure": {
    "class": "org.eclipse.smarthome.core.thing.link.ItemChannelLink",
    "value": {
      "channelUID": {
        "segments": [
          "mihome",
          "sensor_weather_v1",
          "158d0003055bd4",
          "pressure"
        ]
      },
      "configuration": {
        "properties": {
          "profile": "system:default"
        }
      },
      "itemName": "HTP_Pressure"
    }
  },
  "TP_Sensor2 -\u003e mihome:sensor_ht:158d0003547717:temperature": {
    "class": "org.eclipse.smarthome.core.thing.link.ItemChannelLink",
    "value": {
      "channelUID": {
        "segments": [
          "mihome",
          "sensor_ht",
          "158d0003547717",
          "temperature"
        ]
      },
      "configuration": {
        "properties": {
          "profile": "system:default"
        }
      },
      "itemName": "TP_Sensor2"
    }
  },
  "HTP_BatteryLevel -\u003e mihome:sensor_weather_v1:158d0003055bd4:batteryLevel": {
    "class": "org.eclipse.smarthome.core.thing.link.ItemChannelLink",
    "value": {
      "channelUID": {
        "segments": [
          "mihome",
          "sensor_weather_v1",
          "158d0003055bd4",
          "batteryLevel"
        ]
      },
      "configuration": {
        "properties": {
          "profile": "system:default"
        }
      },
      "itemName": "HTP_BatteryLevel"
    }
  },
  "TH_Sensor4_BatteryLevel -\u003e mihome:sensor_ht:158d0003546a46:batteryLevel": {
    "class": "org.eclipse.smarthome.core.thing.link.ItemChannelLink",
    "value": {
      "channelUID": {
        "segments": [
          "mihome",
          "sensor_ht",
          "158d0003546a46",
          "batteryLevel"
        ]
      },
      "configuration": {
        "properties": {
          "profile": "system:default"
        }
      },
      "itemName": "TH_Sensor4_BatteryLevel"
    }
  },
  "HTP_LowBattery -\u003e mihome:sensor_weather_v1:158d0003055bd4:lowBattery": {
    "class": "org.eclipse.smarthome.core.thing.link.ItemChannelLink",
    "value": {
      "channelUID": {
        "segments": [
          "mihome",
          "sensor_weather_v1",
          "158d0003055bd4",
          "lowBattery"
        ]
      },
      "configuration": {
        "properties": {
          "profile": "system:default"
        }
      },
      "itemName": "HTP_LowBattery"
    }
  }
}