{
  "mihome:sensor_switch:158d0003496e6d": {
    "class": "org.eclipse.smarthome.config.discovery.internal.DiscoveryResultImpl",
    "value": {
      "bridgeUID": {
        "segments": [
          "mihome",
          "bridge",
          "04cf8ca1513e"
        ]
      },
      "thingUID": {
        "segments": [
          "mihome",
          "sensor_switch",
          "158d0003496e6d"
        ]
      },
      "thingTypeUID": {
        "segments": [
          "mihome",
          "sensor_switch"
        ]
      },
      "properties": {
        "itemId": "158d0003496e6d"
      },
      "representationProperty": "itemId",
      "flag": "NEW",
      "label": "Xiaomi Mi Wireless Switch",
      "timestamp": 1574359407326,
      "timeToLive": -1
    }
  }
}