{
  "TH_Sensor3_Humidity": {
    "class": "org.eclipse.smarthome.core.items.ManagedItemProvider$PersistedItem",
    "value": {
      "groupNames": [
        "LivingRoom"
      ],
      "itemType": "Number:Dimensionless",
      "tags": [],
      "label": "Humidity",
      "category": "Humidity"
    }
  },
  "Note9_LastSeen": {
    "class": "org.eclipse.smarthome.core.items.ManagedItemProvider$PersistedItem",
    "value": {
      "groupNames": [
        "LivingRoom"
      ],
      "itemType": "DateTime",
      "tags": [],
      "label": "Last seen"
    }
  },
  "HTP_BatteryLevel": {
    "class": "org.eclipse.smarthome.core.items.ManagedItemProvider$PersistedItem",
    "value": {
      "groupNames": [
        "BedRoom"
      ],
      "itemType": "Number",
      "tags": [],
      "label": "Battery Level",
      "category": "Battery"
    }
  },
  "TH_Sensor5_Humidity": {
    "class": "org.eclipse.smarthome.core.items.ManagedItemProvider$PersistedItem",
    "value": {
      "groupNames": [
        "Office"
      ],
      "itemType": "Number:Dimensionless",
      "tags": [],
      "label": "Room Humidity",
      "category": "Humidity"
    }
  },
  "TP_Sensor2": {
    "class": "org.eclipse.smarthome.core.items.ManagedItemProvider$PersistedItem",
    "value": {
      "groupNames": [
        "Weather"
      ],
      "itemType": "Number:Temperature",
      "tags": [],
      "label": "Temperature",
      "category": "Temperature"
    }
  },
  "HTP_Pressure": {
    "class": "org.eclipse.smarthome.core.items.ManagedItemProvider$PersistedItem",
    "value": {
      "groupNames": [
        "BedRoom"
      ],
      "itemType": "Number:Pressure",
      "tags": [],
      "label": "Pressure",
      "category": "Pressure"
    }
  },
  "TH_Sensor3_BatteryLevel": {
    "class": "org.eclipse.smarthome.core.items.ManagedItemProvider$PersistedItem",
    "value": {
      "groupNames": [
        "LivingRoom"
      ],
      "itemType": "Number",
      "tags": [],
      "label": "Battery Level",
      "category": "Battery"
    }
  },
  "TH_Sensor3": {
    "class": "org.eclipse.smarthome.core.items.ManagedItemProvider$PersistedItem",
    "value": {
      "groupNames": [
        "LivingRoom"
      ],
      "itemType": "Number:Temperature",
      "tags": [],
      "label": "Temperature",
      "category": "Temperature"
    }
  },
  "TH_Sensor4": {
    "class": "org.eclipse.smarthome.core.items.ManagedItemProvider$PersistedItem",
    "value": {
      "groupNames": [
        "KidsRoom"
      ],
      "itemType": "Number:Temperature",
      "tags": [],
      "label": "Temperature",
      "category": "Temperature"
    }
  },
  "TH_Sensor4_BatteryLevel": {
    "class": "org.eclipse.smarthome.core.items.ManagedItemProvider$PersistedItem",
    "value": {
      "groupNames": [
        "ChildsRoom"
      ],
      "itemType": "Number",
      "tags": [],
      "label": "Battery Level",
      "category": "Battery"
    }
  },
  "XIAOMI_TEMPERATURE_SENSOR_TEMPERATURE": {
    "class": "org.eclipse.smarthome.core.items.ManagedItemProvider$PersistedItem",
    "value": {
      "groupNames": [
        "BedRoom"
      ],
      "itemType": "Number:Temperature",
      "tags": [],
      "category": "TEMPERATURE"
    }
  },
  "HTP_Humidity": {
    "class": "org.eclipse.smarthome.core.items.ManagedItemProvider$PersistedItem",
    "value": {
      "groupNames": [
        "BedRoom"
      ],
      "itemType": "Number:Dimensionless",
      "tags": [],
      "label": "Humidity",
      "category": "Humidity"
    }
  },
  "TH_Sensor4_Humidity": {
    "class": "org.eclipse.smarthome.core.items.ManagedItemProvider$PersistedItem",
    "value": {
      "groupNames": [
        "ChildsRoom"
      ],
      "itemType": "Number:Dimensionless",
      "tags": [],
      "label": "Humidity",
      "category": "Humidity"
    }
  },
  "HTP_LowBattery": {
    "class": "org.eclipse.smarthome.core.items.ManagedItemProvider$PersistedItem",
    "value": {
      "groupNames": [
        "BedRoom"
      ],
      "itemType": "Number",
      "tags": [],
      "label": "Low Battery",
      "category": "Battery"
    }
  },
  "SS_1": {
    "class": "org.eclipse.smarthome.core.items.ManagedItemProvider$PersistedItem",
    "value": {
      "groupNames": [
        "LivingRoom"
      ],
      "itemType": "Switch",
      "tags": [],
      "label": "Kodi Power On/Off"
    }
  },
  "Note9_Online": {
    "class": "org.eclipse.smarthome.core.items.ManagedItemProvider$PersistedItem",
    "value": {
      "groupNames": [],
      "itemType": "Switch",
      "tags": [],
      "label": "Online"
    }
  },
  "OW_Current_OutdoorTemperature": {
    "class": "org.eclipse.smarthome.core.items.ManagedItemProvider$PersistedItem",
    "value": {
      "groupNames": [
        "Weather",
        "Office"
      ],
      "itemType": "Number:Temperature",
      "tags": [],
      "label": "Outdoor Temperature",
      "category": "Temperature"
    }
  },
  "TH_Sensor5": {
    "class": "org.eclipse.smarthome.core.items.ManagedItemProvider$PersistedItem",
    "value": {
      "groupNames": [
        "Office"
      ],
      "itemType": "Number:Temperature",
      "tags": [],
      "label": "Room Temperature",
      "category": "Temperature"
    }
  },
  "MiSmartHomeGatewayV3_Actions_PowerOnOff": {
    "class": "org.eclipse.smarthome.core.items.ManagedItemProvider$PersistedItem",
    "value": {
      "groupNames": [],
      "itemType": "Switch",
      "tags": [],
      "label": "Power On/Off"
    }
  }
}