{
  "LivingRoom_Light_TV -\u003e mqtt:topic:3f44a63b:Light_Above_TV": {
    "class": "org.eclipse.smarthome.core.thing.link.ItemChannelLink",
    "value": {
      "channelUID": {
        "segments": [
          "mqtt",
          "topic",
          "3f44a63b",
          "Light_Above_TV"
        ]
      },
      "configuration": {
        "properties": {
          "profile": "system:default"
        }
      },
      "itemName": "LivingRoom_Light_TV"
    }
  },
  "Kitchen_Light_Main -\u003e mqtt:topic:029939b9:Kitchen_Light_Main": {
    "class": "org.eclipse.smarthome.core.thing.link.ItemChannelLink",
    "value": {
      "channelUID": {
        "segments": [
          "mqtt",
          "topic",
          "029939b9",
          "Kitchen_Light_Main"
        ]
      },
      "configuration": {
        "properties": {
          "profile": "system:default"
        }
      },
      "itemName": "Kitchen_Light_Main"
    }
  },
  "Note9_Online -\u003e network:servicedevice:b7223f03:online": {
    "class": "org.eclipse.smarthome.core.thing.link.ItemChannelLink",
    "value": {
      "channelUID": {
        "segments": [
          "network",
          "servicedevice",
          "b7223f03",
          "online"
        ]
      },
      "configuration": {
        "properties": {
          "profile": "system:default"
        }
      },
      "itemName": "Note9_Online"
    }
  },
  "TH_Sensor3_Humidity -\u003e mihome:sensor_ht:158d000354767a:humidity": {
    "class": "org.eclipse.smarthome.core.thing.link.ItemChannelLink",
    "value": {
      "channelUID": {
        "segments": [
          "mihome",
          "sensor_ht",
          "158d000354767a",
          "humidity"
        ]
      },
      "configuration": {
        "properties": {
          "profile": "system:default"
        }
      },
      "itemName": "TH_Sensor3_Humidity"
    }
  },
  "TH_Sensor5_BatteryLevel -\u003e mihome:sensor_ht:158d00034f8944:batteryLevel": {
    "class": "org.eclipse.smarthome.core.thing.link.ItemChannelLink",
    "value": {
      "channelUID": {
        "segments": [
          "mihome",
          "sensor_ht",
          "158d00034f8944",
          "batteryLevel"
        ]
      },
      "configuration": {
        "properties": {
          "profile": "system:default"
        }
      },
      "itemName": "TH_Sensor5_BatteryLevel"
    }
  },
  "LivingRoom_Light_Mirror -\u003e mqtt:topic:029939b9:LivingRoom_Mirror": {
    "class": "org.eclipse.smarthome.core.thing.link.ItemChannelLink",
    "value": {
      "channelUID": {
        "segments": [
          "mqtt",
          "topic",
          "029939b9",
          "LivingRoom_Mirror"
        ]
      },
      "configuration": {
        "properties": {
          "profile": "system:default"
        }
      },
      "itemName": "LivingRoom_Light_Mirror"
    }
  },
  "TH_Sensor5 -\u003e mihome:sensor_ht:158d00034f8944:temperature": {
    "class": "org.eclipse.smarthome.core.thing.link.ItemChannelLink",
    "value": {
      "channelUID": {
        "segments": [
          "mihome",
          "sensor_ht",
          "158d00034f8944",
          "temperature"
        ]
      },
      "configuration": {
        "properties": {
          "profile": "system:default"
        }
      },
      "itemName": "TH_Sensor5"
    }
  },
  "Stairs_Light -\u003e mqtt:topic:5ee209d8:Light": {
    "class": "org.eclipse.smarthome.core.thing.link.ItemChannelLink",
    "value": {
      "channelUID": {
        "segments": [
          "mqtt",
          "topic",
          "5ee209d8",
          "Light"
        ]
      },
      "configuration": {
        "properties": {
          "profile": "system:default"
        }
      },
      "itemName": "Stairs_Light"
    }
  },
  "TH_Sensor6_BatteryLevel -\u003e mihome:sensor_ht:158d00040f9a7d:batteryLevel": {
    "class": "org.eclipse.smarthome.core.thing.link.ItemChannelLink",
    "value": {
      "channelUID": {
        "segments": [
          "mihome",
          "sensor_ht",
          "158d00040f9a7d",
          "batteryLevel"
        ]
      },
      "configuration": {
        "properties": {
          "profile": "system:default"
        }
      },
      "itemName": "TH_Sensor6_BatteryLevel"
    }
  },
  "BathroomHeater_Kids -\u003e mqtt:topic:0c6d0bde:Heater": {
    "class": "org.eclipse.smarthome.core.thing.link.ItemChannelLink",
    "value": {
      "channelUID": {
        "segments": [
          "mqtt",
          "topic",
          "0c6d0bde",
          "Heater"
        ]
      },
      "configuration": {
        "properties": {
          "profile": "system:default"
        }
      },
      "itemName": "BathroomHeater_Kids"
    }
  },
  "TP_Sensor2 -\u003e mihome:sensor_ht:158d0003547717:temperature": {
    "class": "org.eclipse.smarthome.core.thing.link.ItemChannelLink",
    "value": {
      "channelUID": {
        "segments": [
          "mihome",
          "sensor_ht",
          "158d0003547717",
          "temperature"
        ]
      },
      "configuration": {
        "properties": {
          "profile": "system:default"
        }
      },
      "itemName": "TP_Sensor2"
    }
  },
  "Kitchen_Light_Spots -\u003e mqtt:topic:029939b9:Kitchen_Light_Spots": {
    "class": "org.eclipse.smarthome.core.thing.link.ItemChannelLink",
    "value": {
      "channelUID": {
        "segments": [
          "mqtt",
          "topic",
          "029939b9",
          "Kitchen_Light_Spots"
        ]
      },
      "configuration": {
        "properties": {
          "profile": "system:default"
        }
      },
      "itemName": "Kitchen_Light_Spots"
    }
  },
  "LivingRoom_Light_Table -\u003e mqtt:topic:3f44a63b:AboveTable_Light": {
    "class": "org.eclipse.smarthome.core.thing.link.ItemChannelLink",
    "value": {
      "channelUID": {
        "segments": [
          "mqtt",
          "topic",
          "3f44a63b",
          "AboveTable_Light"
        ]
      },
      "configuration": {
        "properties": {
          "profile": "system:default"
        }
      },
      "itemName": "LivingRoom_Light_Table"
    }
  },
  "TH_Sensor4_BatteryLevel -\u003e mihome:sensor_ht:158d0003546a46:batteryLevel": {
    "class": "org.eclipse.smarthome.core.thing.link.ItemChannelLink",
    "value": {
      "channelUID": {
        "segments": [
          "mihome",
          "sensor_ht",
          "158d0003546a46",
          "batteryLevel"
        ]
      },
      "configuration": {
        "properties": {
          "profile": "system:default"
        }
      },
      "itemName": "TH_Sensor4_BatteryLevel"
    }
  },
  "HTP_LowBattery -\u003e mihome:sensor_weather_v1:158d0003055bd4:lowBattery": {
    "class": "org.eclipse.smarthome.core.thing.link.ItemChannelLink",
    "value": {
      "channelUID": {
        "segments": [
          "mihome",
          "sensor_weather_v1",
          "158d0003055bd4",
          "lowBattery"
        ]
      },
      "configuration": {
        "properties": {
          "profile": "system:default"
        }
      },
      "itemName": "HTP_LowBattery"
    }
  },
  "TH_Sensor6_Humidity -\u003e mihome:sensor_ht:158d00040f9a7d:humidity": {
    "class": "org.eclipse.smarthome.core.thing.link.ItemChannelLink",
    "value": {
      "channelUID": {
        "segments": [
          "mihome",
          "sensor_ht",
          "158d00040f9a7d",
          "humidity"
        ]
      },
      "configuration": {
        "properties": {
          "profile": "system:default"
        }
      },
      "itemName": "TH_Sensor6_Humidity"
    }
  },
  "TH_Sensor4_Humidity -\u003e mihome:sensor_ht:158d0003546a46:humidity": {
    "class": "org.eclipse.smarthome.core.thing.link.ItemChannelLink",
    "value": {
      "channelUID": {
        "segments": [
          "mihome",
          "sensor_ht",
          "158d0003546a46",
          "humidity"
        ]
      },
      "configuration": {
        "properties": {
          "profile": "system:default"
        }
      },
      "itemName": "TH_Sensor4_Humidity"
    }
  },
  "TH_Sensor3 -\u003e mihome:sensor_ht:158d000354767a:temperature": {
    "class": "org.eclipse.smarthome.core.thing.link.ItemChannelLink",
    "value": {
      "channelUID": {
        "segments": [
          "mihome",
          "sensor_ht",
          "158d000354767a",
          "temperature"
        ]
      },
      "configuration": {
        "properties": {
          "profile": "system:default"
        }
      },
      "itemName": "TH_Sensor3"
    }
  },
  "XIAOMI_TEMPERATURE_SENSOR_TEMPERATURE -\u003e mihome:sensor_weather_v1:158d0003055bd4:temperature": {
    "class": "org.eclipse.smarthome.core.thing.link.ItemChannelLink",
    "value": {
      "channelUID": {
        "segments": [
          "mihome",
          "sensor_weather_v1",
          "158d0003055bd4",
          "temperature"
        ]
      },
      "configuration": {
        "properties": {
          "profile": "system:default"
        }
      },
      "itemName": "XIAOMI_TEMPERATURE_SENSOR_TEMPERATURE"
    }
  },
  "HTP_Humidity -\u003e mihome:sensor_weather_v1:158d0003055bd4:humidity": {
    "class": "org.eclipse.smarthome.core.thing.link.ItemChannelLink",
    "value": {
      "channelUID": {
        "segments": [
          "mihome",
          "sensor_weather_v1",
          "158d0003055bd4",
          "humidity"
        ]
      },
      "configuration": {
        "properties": {
          "profile": "system:default"
        }
      },
      "itemName": "HTP_Humidity"
    }
  },
  "PowerSocket_RPI4 -\u003e mqtt:topic:a5aa8a59:RPI4_Power": {
    "class": "org.eclipse.smarthome.core.thing.link.ItemChannelLink",
    "value": {
      "channelUID": {
        "segments": [
          "mqtt",
          "topic",
          "a5aa8a59",
          "RPI4_Power"
        ]
      },
      "configuration": {
        "properties": {
          "profile": "system:default"
        }
      },
      "itemName": "PowerSocket_RPI4"
    }
  },
  "TH_Sensor3_BatteryLevel -\u003e mihome:sensor_ht:158d000354767a:batteryLevel": {
    "class": "org.eclipse.smarthome.core.thing.link.ItemChannelLink",
    "value": {
      "channelUID": {
        "segments": [
          "mihome",
          "sensor_ht",
          "158d000354767a",
          "batteryLevel"
        ]
      },
      "configuration": {
        "properties": {
          "profile": "system:default"
        }
      },
      "itemName": "TH_Sensor3_BatteryLevel"
    }
  },
  "BathroomHeater_Parents -\u003e mqtt:topic:a439e1c7:Heater": {
    "class": "org.eclipse.smarthome.core.thing.link.ItemChannelLink",
    "value": {
      "channelUID": {
        "segments": [
          "mqtt",
          "topic",
          "a439e1c7",
          "Heater"
        ]
      },
      "configuration": {
        "properties": {
          "profile": "system:default"
        }
      },
      "itemName": "BathroomHeater_Parents"
    }
  },
  "Note9_LastSeen -\u003e network:servicedevice:b7223f03:lastseen": {
    "class": "org.eclipse.smarthome.core.thing.link.ItemChannelLink",
    "value": {
      "channelUID": {
        "segments": [
          "network",
          "servicedevice",
          "b7223f03",
          "lastseen"
        ]
      },
      "configuration": {
        "properties": {
          "profile": "system:default"
        }
      },
      "itemName": "Note9_LastSeen"
    }
  },
  "OW_Current_OutdoorTemperature -\u003e openweathermap:weather-and-forecast:0197aa1e:local:current#temperature": {
    "class": "org.eclipse.smarthome.core.thing.link.ItemChannelLink",
    "value": {
      "channelUID": {
        "segments": [
          "openweathermap",
          "weather-and-forecast",
          "0197aa1e",
          "local",
          "current#temperature"
        ]
      },
      "configuration": {
        "properties": {
          "profile": "system:default"
        }
      },
      "itemName": "OW_Current_OutdoorTemperature"
    }
  },
  "TH_Sensor6_Temperature -\u003e mihome:sensor_ht:158d00040f9a7d:temperature": {
    "class": "org.eclipse.smarthome.core.thing.link.ItemChannelLink",
    "value": {
      "channelUID": {
        "segments": [
          "mihome",
          "sensor_ht",
          "158d00040f9a7d",
          "temperature"
        ]
      },
      "configuration": {
        "properties": {
          "profile": "system:default"
        }
      },
      "itemName": "TH_Sensor6_Temperature"
    }
  },
  "TH_Sensor4 -\u003e mihome:sensor_ht:158d0003546a46:temperature": {
    "class": "org.eclipse.smarthome.core.thing.link.ItemChannelLink",
    "value": {
      "channelUID": {
        "segments": [
          "mihome",
          "sensor_ht",
          "158d0003546a46",
          "temperature"
        ]
      },
      "configuration": {
        "properties": {
          "profile": "system:default"
        }
      },
      "itemName": "TH_Sensor4"
    }
  },
  "HTP_Pressure -\u003e mihome:sensor_weather_v1:158d0003055bd4:pressure": {
    "class": "org.eclipse.smarthome.core.thing.link.ItemChannelLink",
    "value": {
      "channelUID": {
        "segments": [
          "mihome",
          "sensor_weather_v1",
          "158d0003055bd4",
          "pressure"
        ]
      },
      "configuration": {
        "properties": {
          "profile": "system:default"
        }
      },
      "itemName": "HTP_Pressure"
    }
  },
  "TH_Sensor5_Humidity -\u003e mihome:sensor_ht:158d00034f8944:humidity": {
    "class": "org.eclipse.smarthome.core.thing.link.ItemChannelLink",
    "value": {
      "channelUID": {
        "segments": [
          "mihome",
          "sensor_ht",
          "158d00034f8944",
          "humidity"
        ]
      },
      "configuration": {
        "properties": {
          "profile": "system:default"
        }
      },
      "itemName": "TH_Sensor5_Humidity"
    }
  },
  "Kids_Light_Main -\u003e mqtt:topic:61903fe2:light": {
    "class": "org.eclipse.smarthome.core.thing.link.ItemChannelLink",
    "value": {
      "channelUID": {
        "segments": [
          "mqtt",
          "topic",
          "61903fe2",
          "light"
        ]
      },
      "configuration": {
        "properties": {
          "profile": "system:default"
        }
      },
      "itemName": "Kids_Light_Main"
    }
  },
  "HTP_BatteryLevel -\u003e mihome:sensor_weather_v1:158d0003055bd4:batteryLevel": {
    "class": "org.eclipse.smarthome.core.thing.link.ItemChannelLink",
    "value": {
      "channelUID": {
        "segments": [
          "mihome",
          "sensor_weather_v1",
          "158d0003055bd4",
          "batteryLevel"
        ]
      },
      "configuration": {
        "properties": {
          "profile": "system:default"
        }
      },
      "itemName": "HTP_BatteryLevel"
    }
  },
  "SS_1 -\u003e miio:generic:0DFAE439:actions#power": {
    "class": "org.eclipse.smarthome.core.thing.link.ItemChannelLink",
    "value": {
      "channelUID": {
        "segments": [
          "miio",
          "generic",
          "0DFAE439",
          "actions#power"
        ]
      },
      "configuration": {
        "properties": {
          "profile": "system:default"
        }
      },
      "itemName": "SS_1"
    }
  },
  "MiSmartHomeGatewayV3_Actions_PowerOnOff -\u003e miio:generic:07EDE210:actions#power": {
    "class": "org.eclipse.smarthome.core.thing.link.ItemChannelLink",
    "value": {
      "channelUID": {
        "segments": [
          "miio",
          "generic",
          "07EDE210",
          "actions#power"
        ]
      },
      "configuration": {
        "properties": {
          "profile": "system:default"
        }
      },
      "itemName": "MiSmartHomeGatewayV3_Actions_PowerOnOff"
    }
  },
  "PowerSocket_Kids -\u003e mqtt:topic:7d2d966b:PowerSocket": {
    "class": "org.eclipse.smarthome.core.thing.link.ItemChannelLink",
    "value": {
      "channelUID": {
        "segments": [
          "mqtt",
          "topic",
          "7d2d966b",
          "PowerSocket"
        ]
      },
      "configuration": {
        "properties": {
          "profile": "system:default"
        }
      },
      "itemName": "PowerSocket_Kids"
    }
  },
  "LivingRoom_Light_Main -\u003e mqtt:topic:029939b9:LivingRoom_Light_Main": {
    "class": "org.eclipse.smarthome.core.thing.link.ItemChannelLink",
    "value": {
      "channelUID": {
        "segments": [
          "mqtt",
          "topic",
          "029939b9",
          "LivingRoom_Light_Main"
        ]
      },
      "configuration": {
        "properties": {
          "profile": "system:default"
        }
      },
      "itemName": "LivingRoom_Light_Main"
    }
  },
  "BathroomParents_Light -\u003e mqtt:topic:70bb004c:Light": {
    "class": "org.eclipse.smarthome.core.thing.link.ItemChannelLink",
    "value": {
      "channelUID": {
        "segments": [
          "mqtt",
          "topic",
          "70bb004c",
          "Light"
        ]
      },
      "configuration": {
        "properties": {
          "profile": "system:default"
        }
      },
      "itemName": "BathroomParents_Light"
    }
  }
}