{
  "miio:generic:07EDE210": {
    "class": "org.eclipse.smarthome.config.discovery.internal.DiscoveryResultImpl",
    "value": {
      "thingUID": {
        "segments": [
          "miio",
          "generic",
          "07EDE210"
        ]
      },
      "thingTypeUID": {
        "segments": [
          "miio",
          "generic"
        ]
      },
      "properties": {
        "host": "192.168.0.66",
        "deviceId": "07EDE210"
      },
      "representationProperty": "07EDE210",
      "flag": "NEW",
      "label": "Xiaomi Mi Device 07EDE210 (133030416)",
      "timestamp": 1600165903390,
      "timeToLive": -1
    }
  },
  "miio:unsupported:07EDE210": {
    "class": "org.eclipse.smarthome.config.discovery.internal.DiscoveryResultImpl",
    "value": {
      "thingUID": {
        "segments": [
          "miio",
          "unsupported",
          "07EDE210"
        ]
      },
      "thingTypeUID": {
        "segments": [
          "miio",
          "unsupported"
        ]
      },
      "properties": {
        "host": "192.168.0.66",
        "deviceId": "07EDE210"
      },
      "representationProperty": "07EDE210",
      "flag": "NEW",
      "label": "Xiaomi Mi Device 07EDE210 (133030416) lumi-gateway-v3_miio133030416",
      "timestamp": 1599366795834,
      "timeToLive": -1
    }
  },
  "miio:generic:0DFAE439": {
    "class": "org.eclipse.smarthome.config.discovery.internal.DiscoveryResultImpl",
    "value": {
      "thingUID": {
        "segments": [
          "miio",
          "generic",
          "0DFAE439"
        ]
      },
      "thingTypeUID": {
        "segments": [
          "miio",
          "generic"
        ]
      },
      "properties": {
        "host": "192.168.0.75",
        "deviceId": "0DFAE439"
      },
      "representationProperty": "0DFAE439",
      "flag": "NEW",
      "label": "Xiaomi Mi Device 0DFAE439 (234546233)",
      "timestamp": 1600165903397,
      "timeToLive": -1
    }
  }
}