{
  "autoupdate:HTP_Humidity": {
    "class": "org.eclipse.smarthome.core.items.Metadata",
    "value": {
      "key": {
        "segments": [
          "autoupdate",
          "HTP_Humidity"
        ]
      },
      "value": "true",
      "configuration": {}
    }
  },
  "autoupdate:Note9_Online": {
    "class": "org.eclipse.smarthome.core.items.Metadata",
    "value": {
      "key": {
        "segments": [
          "autoupdate",
          "Note9_Online"
        ]
      },
      "value": "true",
      "configuration": {}
    }
  },
  "autoupdate:HTP_LowBattery": {
    "class": "org.eclipse.smarthome.core.items.Metadata",
    "value": {
      "key": {
        "segments": [
          "autoupdate",
          "HTP_LowBattery"
        ]
      },
      "value": "true",
      "configuration": {}
    }
  },
  "autoupdate:HTP_BatteryLevel": {
    "class": "org.eclipse.smarthome.core.items.Metadata",
    "value": {
      "key": {
        "segments": [
          "autoupdate",
          "HTP_BatteryLevel"
        ]
      },
      "value": "true",
      "configuration": {}
    }
  },
  "autoupdate:TH_Sensor3_Humidity": {
    "class": "org.eclipse.smarthome.core.items.Metadata",
    "value": {
      "key": {
        "segments": [
          "autoupdate",
          "TH_Sensor3_Humidity"
        ]
      },
      "value": "true",
      "configuration": {}
    }
  },
  "autoupdate:TH_Sensor3": {
    "class": "org.eclipse.smarthome.core.items.Metadata",
    "value": {
      "key": {
        "segments": [
          "autoupdate",
          "TH_Sensor3"
        ]
      },
      "value": "true",
      "configuration": {}
    }
  },
  "autoupdate:TH_Sensor4": {
    "class": "org.eclipse.smarthome.core.items.Metadata",
    "value": {
      "key": {
        "segments": [
          "autoupdate",
          "TH_Sensor4"
        ]
      },
      "value": "true",
      "configuration": {}
    }
  },
  "autoupdate:Note9_LastSeen": {
    "class": "org.eclipse.smarthome.core.items.Metadata",
    "value": {
      "key": {
        "segments": [
          "autoupdate",
          "Note9_LastSeen"
        ]
      },
      "value": "true",
      "configuration": {}
    }
  },
  "autoupdate:XIAOMI_TEMPERATURE_SENSOR_TEMPERATURE": {
    "class": "org.eclipse.smarthome.core.items.Metadata",
    "value": {
      "key": {
        "segments": [
          "autoupdate",
          "XIAOMI_TEMPERATURE_SENSOR_TEMPERATURE"
        ]
      },
      "value": "true",
      "configuration": {}
    }
  },
  "autoupdate:TP_Sensor2": {
    "class": "org.eclipse.smarthome.core.items.Metadata",
    "value": {
      "key": {
        "segments": [
          "autoupdate",
          "TP_Sensor2"
        ]
      },
      "value": "true",
      "configuration": {}
    }
  },
  "autoupdate:TH_Sensor4_BatteryLevel": {
    "class": "org.eclipse.smarthome.core.items.Metadata",
    "value": {
      "key": {
        "segments": [
          "autoupdate",
          "TH_Sensor4_BatteryLevel"
        ]
      },
      "value": "true",
      "configuration": {}
    }
  },
  "autoupdate:HTP_Pressure": {
    "class": "org.eclipse.smarthome.core.items.Metadata",
    "value": {
      "key": {
        "segments": [
          "autoupdate",
          "HTP_Pressure"
        ]
      },
      "value": "true",
      "configuration": {}
    }
  },
  "autoupdate:TH_Sensor4_Humidity": {
    "class": "org.eclipse.smarthome.core.items.Metadata",
    "value": {
      "key": {
        "segments": [
          "autoupdate",
          "TH_Sensor4_Humidity"
        ]
      },
      "value": "true",
      "configuration": {}
    }
  },
  "autoupdate:TH_Sensor3_BatteryLevel": {
    "class": "org.eclipse.smarthome.core.items.Metadata",
    "value": {
      "key": {
        "segments": [
          "autoupdate",
          "TH_Sensor3_BatteryLevel"
        ]
      },
      "value": "true",
      "configuration": {}
    }
  }
}